5000,C->A->B->E->D->C,100
4996.301029995664,C->A->B->E->D->C,100
4992.602381398683,C->A->B->E->D->C,100
4988.9040544191375,C->A->B->E->D->C,100
4985.206049267381,C->A->B->E->D->C,100
4981.508366154039,C->A->B->E->D->C,100
4977.811005290012,C->A->B->E->D->C,100
4974.1139668864735,C->A->B->E->D->C,100
4970.417251154871,C->A->B->E->D->C,100
4966.72085830693,C->A->B->E->D->C,100
4963.024788554646,C->A->B->E->D->C,100
4959.329042110296,D->A->B->E->C->D,66
4955.63361918643,D->A->B->E->C->D,66
4951.938519995879,D->A->B->E->C->D,66
4948.243744751747,D->A->B->E->C->D,66
4944.54929366742,D->A->B->E->C->D,66
4940.855166956561,D->A->B->E->C->D,66
4937.161364833114,D->A->B->E->C->D,66
4933.4678875113,E->A->B->D->C->E,101
4929.774735205624,E->A->B->D->C->E,101
4926.081908130868,E->B->A->D->C->E,66
4922.3894065020995,E->B->A->D->C->E,66
4918.697230534666,E->B->A->D->C->E,66
4915.005380444198,E->B->A->D->C->E,66
4911.313856446608,E->B->A->D->C->E,66
4907.622658758095,E->B->A->D->C->E,66
4903.93178759514,E->B->A->D->C->E,66
4900.24124317451,E->B->A->D->C->E,66
4896.551025713256,E->B->A->D->C->E,66
4892.861135428719,C->B->A->D->E->C,81
4889.17157253852,C->B->A->D->E->C,81
4885.482337260573,C->B->A->D->E->C,81
4881.793429813078,C->B->A->D->E->C,81
4878.10485041452,C->B->A->D->E->C,81
4874.416599283678,C->B->A->D->E->C,81
4870.728676639617,C->B->A->D->E->C,81
4867.041082701694,C->B->A->D->E->C,81
4863.3538176895545,C->B->A->D->E->C,81
4859.6668818231365,C->B->A->D->E->C,81
4855.9802753226695,C->B->A->D->E->C,81
4852.293998408675,C->B->A->D->E->C,81
4848.608051301967,C->B->A->D->E->C,81
4844.922434223654,C->B->A->D->E->C,81
4841.237147395138,C->A->B->D->E->C,113
4837.552191038115,C->A->B->D->E->C,113
4833.867565374578,C->A->B->D->E->C,113
4830.183270626812,C->A->B->D->E->C,113
4826.499307017404,C->A->B->D->E->C,113
4822.815674769234,C->A->B->D->E->C,113
4819.132374105479,C->A->B->D->E->C,113
4815.4494052496175,C->A->B->D->E->C,113
4811.766768425423,C->A->B->D->E->C,113
4808.0844638569715,C->A->B->D->E->C,113
4804.402491768637,C->A->B->D->E->C,113
4800.720852385096,C->A->B->D->E->C,113
4797.039545931323,C->A->B->D->E->C,113
4793.358572632596,C->A->B->D->E->C,113
4789.677932714498,C->A->B->D->E->C,113
4785.997626402909,C->A->B->D->E->C,113
4782.3176539240185,C->A->B->D->E->C,113
4778.638015504316,C->A->B->D->E->C,113
4774.958711370598,C->A->B->D->E->C,113
4771.279741749967,C->A->B->D->E->C,113
4767.601106869829,C->A->B->D->E->C,113
4763.922806957898,C->A->B->D->E->C,113
4760.244842242195,C->A->B->D->E->C,113
4756.56721295105,C->A->B->D->E->C,113
4752.889919313101,C->A->B->D->E->C,113
4749.212961557293,C->A->B->D->E->C,113
4745.536339912884,C->A->B->D->E->C,113
4741.860054609439,C->A->B->D->E->C,113
4738.184105876838,C->A->B->D->E->C,113
4734.508493945269,C->A->B->D->E->C,113
4730.833219045235,C->A->B->D->E->C,113
4727.158281407549,C->A->B->D->E->C,113
4723.48368126334,C->A->B->D->E->C,113
4719.80941884405,C->A->B->D->E->C,113
4716.135494381436,C->A->B->D->E->C,113
4712.461908107571,C->A->B->D->E->C,113
4708.788660254843,C->A->B->D->E->C,113
4705.115751055958,C->A->B->D->E->C,113
4701.443180743938,C->A->B->D->E->C,113
4697.770949552124,C->A->B->D->E->C,113
4694.099057714176,C->A->B->D->E->C,113
4690.427505464072,C->A->B->D->E->C,113
4686.756293036111,C->A->B->D->E->C,113
4683.085420664912,C->A->E->D->B->C,120
4679.4148885854165,C->A->E->D->B->C,120
4675.7446970328865,C->A->E->D->B->C,120
4672.0748462429065,C->A->E->D->B->C,120
4668.405336451386,E->A->C->D->B->E,105
4664.736167894556,E->A->C->D->B->E,105
4661.067340808975,E->A->C->D->B->E,105
4657.398855431524,E->A->C->D->B->E,105
4653.730711999411,E->A->C->D->B->E,105
4650.062910750172,E->A->C->D->B->E,105
4646.395451921668,E->A->C->D->B->E,105
4642.728335752088,E->A->C->D->B->E,105
4639.061562479952,E->A->C->D->B->E,105
4635.395132344108,E->A->C->D->B->E,105
4631.729045583733,E->A->C->D->B->E,105
4628.063302438335,E->A->C->D->B->E,105
4624.397903147755,E->A->C->D->B->E,105
4620.732847952164,E->A->C->D->B->E,105
4617.0681370920665,E->A->C->D->B->E,105
4613.403770808301,E->A->C->D->B->E,105
4609.7397493420385,E->A->C->D->B->E,105
4606.076072934787,E->A->C->D->B->E,105
4602.412741828388,E->A->C->D->B->E,105
4598.74975626502,E->A->C->D->B->E,105
4595.087116487198,E->A->C->D->B->E,105
4591.424822737776,E->A->C->D->B->E,105
4587.762875259944,E->A->C->D->B->E,105
4584.101274297233,E->A->C->D->B->E,105
4580.440020093513,E->A->C->D->B->E,105
4576.779112892994,E->A->C->D->B->E,105
4573.118552940227,E->A->C->D->B->E,105
4569.458340480106,E->A->C->D->B->E,105
4565.798475757866,E->A->C->D->B->E,105
4562.1389590190865,E->A->C->D->B->E,105
4558.47979050969,E->A->C->D->B->E,105
4554.820970475945,E->A->C->D->B->E,105
4551.162499164463,A->E->C->D->B->A,101
4547.504376822204,A->E->C->D->B->A,101
4543.846603696475,A->E->C->D->B->A,101
4540.189180034928,A->E->C->D->B->A,101
4536.532106085565,A->E->C->D->B->A,101
4532.875382096739,A->E->C->D->B->A,101
4529.219008317149,A->E->C->D->B->A,101
4525.562984995847,A->E->C->D->B->A,101
4521.907312382235,A->E->C->D->B->A,101
4518.251990726069,A->E->C->D->B->A,101
4514.597020277455,A->E->C->D->B->A,101
4510.942401286855,A->E->C->D->B->A,101
4507.288134005083,A->E->C->D->B->A,101
4503.634218683309,A->E->C->D->B->A,101
4499.980655573059,A->E->C->D->B->A,101
4496.327444926216,A->E->C->D->B->A,101
4492.674586995019,A->E->C->D->B->A,101
4489.0220820320665,A->E->C->D->B->A,101
4485.369930290313,A->E->C->D->B->A,101
4481.718132023077,A->E->C->D->B->A,101
4478.066687484032,A->E->C->D->B->A,101
4474.415596927216,A->E->C->D->B->A,101
4470.764860607029,A->E->C->D->B->A,101
4467.114478778231,A->E->C->D->B->A,101
4463.464451695949,A->E->C->D->B->A,101
4459.81477961567,A->E->C->D->B->A,101
4456.165462793249,A->E->C->D->B->A,101
4452.516501484907,A->E->C->D->B->A,101
4448.867895947229,A->E->C->D->B->A,101
4445.219646437168,A->E->C->D->B->A,101
4441.571753212047,A->E->C->D->B->A,101
4437.924216529555,A->E->C->D->B->A,101
4434.277036647753,A->E->C->D->B->A,101
4430.630213825071,A->E->C->D->B->A,101
4426.983748320311,A->E->C->D->B->A,101
4423.337640392646,A->E->C->D->B->A,101
4419.691890301623,A->E->C->D->B->A,101
4416.046498307162,A->E->C->D->B->A,101
4412.401464669558,A->E->C->D->B->A,101
4408.75678964948,A->E->C->D->B->A,101
4405.112473507975,A->E->C->D->B->A,101
4401.468516506464,A->E->C->D->B->A,101
4397.824918906748,A->E->C->D->B->A,101
4394.181680971006,A->E->C->D->B->A,101
4390.538802961796,A->E->C->D->B->A,101
4386.8962851420565,A->E->C->D->B->A,101
4383.254127775106,A->E->C->D->B->A,101
4379.612331124646,A->E->C->D->B->A,101
4375.970895454759,A->E->C->D->B->A,101
4372.329821029913,A->E->C->D->B->A,101
4368.689108114958,A->E->C->D->B->A,101
4365.048756975131,A->E->C->D->B->A,101
4361.408767876055,A->E->C->D->B->A,101
4357.769141083738,A->E->C->D->B->A,101
4354.129876864576,A->E->C->D->B->A,101
4350.490975485354,A->E->C->D->B->A,101
4346.852437213248,A->E->C->D->B->A,101
4343.214262315821,A->E->C->D->B->A,101
4339.576451061028,A->E->C->D->B->A,101
4335.939003717217,A->E->C->D->B->A,101
4332.301920553127,A->E->C->D->B->A,101
4328.665201837893,A->E->C->D->B->A,101
4325.028847841042,A->E->C->D->B->A,101
4321.392858832498,A->E->C->D->B->A,101
4317.757235082579,A->E->C->D->B->A,101
4314.121976862003,A->E->C->D->B->A,101
4310.487084441884,A->E->C->D->B->A,101
4306.852558093734,A->E->C->D->B->A,101
4303.218398089467,A->E->C->D->B->A,101
4299.584604701396,A->E->C->D->B->A,101
4295.951178202235,A->E->C->D->B->A,101
4292.3181188651015,A->E->C->D->B->A,101
4288.685426963516,A->E->C->D->B->A,101
4285.053102771402,A->E->C->D->B->A,101
4281.42114656309,A->E->C->D->B->A,101
4277.789558613314,A->E->C->D->B->A,101
4274.158339197215,A->E->C->D->B->A,101
4270.5274885903455,A->E->C->D->B->A,101
4266.897007068661,A->E->C->D->B->A,101
4263.26689490853,A->E->C->D->B->A,101
4259.63715238673,A->E->C->D->B->A,101
4256.007779780451,A->E->C->D->B->A,101
4252.378777367293,A->E->B->D->C->A,105
4248.7501454252715,A->E->B->D->C->A,105
4245.121884232815,A->E->B->D->C->A,105
4241.493994068768,A->E->B->D->C->A,105
4237.866475212389,A->E->B->D->C->A,105
4234.239327943354,A->E->B->D->C->A,105
4230.6125525417565,A->E->B->D->C->A,105
4226.98614928811,A->E->B->D->C->A,105
4223.360118463346,A->E->B->D->C->A,105
4219.734460348818,A->E->B->D->C->A,105
4216.1091752263,A->E->B->D->C->A,105
4212.484263377989,A->C->B->D->E->A,120
4208.859725086505,A->C->B->D->E->A,120
4205.235560634893,A->C->B->D->E->A,120
4201.611770306621,A->C->B->D->E->A,120
4197.988354385587,A->C->B->D->E->A,120
4194.365313156112,A->C->B->D->E->A,120
4190.74264690295,A->C->B->D->E->A,120
4187.120355911279,A->C->B->D->E->A,120
4183.49844046671,A->C->B->D->E->A,120
4179.876900855285,A->C->B->D->E->A,120
4176.255737363478,A->C->B->D->E->A,120
4172.634950278195,A->C->B->D->E->A,120
4169.014539886777,A->C->B->D->E->A,120
4165.394506477,A->C->B->D->E->A,120
4161.774850337074,A->C->B->D->E->A,120
4158.155571755648,A->C->B->D->E->A,120
4154.5366710218095,A->C->B->D->E->A,120
4150.918148425082,A->C->B->D->E->A,120
4147.300004255432,A->C->B->D->E->A,120
4143.682238803266,A->C->B->D->E->A,120
4140.064852359431,A->C->B->D->E->A,120
4136.447845215218,A->C->B->D->E->A,120
4132.831217662362,A->C->B->D->E->A,120
4129.214969993043,A->C->B->D->E->A,120
4125.5991024998875,A->C->B->D->E->A,120
4121.983615475967,A->C->B->D->E->A,120
4118.3685092148025,A->C->B->D->E->A,120
4114.753784010365,A->C->B->D->E->A,120
4111.139440157073,A->C->B->D->E->A,120
4107.525477949798,A->C->B->D->E->A,120
4103.911897683863,A->C->B->D->E->A,120
4100.2986996550435,A->C->B->D->E->A,120
4096.685884159571,A->C->B->D->E->A,120
4093.073451494131,D->C->B->A->E->D,103
4089.4614019558644,D->C->B->A->E->D,103
4085.849735842371,D->E->B->A->C->D,100
4082.238453451708,D->E->B->A->C->D,100
4078.627555082393,E->D->B->A->C->E,113
4075.0170410334026,E->D->B->A->C->E,113
4071.4069116041765,E->D->B->A->C->E,113
4067.7971670946163,E->D->B->A->C->E,113
4064.1878078050872,E->D->B->A->C->E,113
4060.5788340364193,E->D->B->A->C->E,113
4056.970246089909,E->D->B->A->C->E,113
4053.362044267318,E->D->B->A->C->E,113
4049.7542288708783,E->D->B->A->C->E,113
4046.1468002032893,E->D->B->A->C->E,113
4042.539758567721,E->D->B->A->C->E,113
4038.933104267815,E->D->B->A->C->E,113
4035.326837607685,E->D->B->A->C->E,113
4031.7209588919177,E->D->B->A->C->E,113
4028.1154684255753,E->D->B->A->C->E,113
4024.510366514195,B->D->E->A->C->B,120
4020.9056534637907,B->D->E->A->C->B,120
4017.3013295808546,B->D->E->A->C->B,120
4013.6973951723576,B->D->E->A->C->B,120
4010.0938505457507,B->D->E->A->C->B,120
4006.4906960089666,B->D->E->A->C->B,120
4002.88793187042,B->D->E->A->C->B,120
3999.2855584390086,B->D->E->A->C->B,120
3995.6835760241156,B->D->E->A->C->B,120
3992.08198493561,B->D->E->A->C->B,120
3988.4807854838464,B->D->E->A->C->B,120
3984.8799779796686,B->D->E->A->C->B,120
3981.27956273441,B->D->E->A->C->B,120
3977.679540059893,B->D->E->A->C->B,120
3974.0799102684323,B->D->E->A->C->B,120
3970.480673672835,B->D->E->A->C->B,120
3966.881830586403,B->D->E->A->C->B,120
3963.2833813229313,B->D->E->A->C->B,120
3959.6853261967126,B->D->E->A->C->B,120
3956.087665522536,B->D->E->A->C->B,120
3952.49039961569,B->D->E->A->C->B,120
3948.893528791962,B->D->E->A->C->B,120
3945.297053367641,B->D->E->A->C->B,120
3941.7009736595173,B->D->E->A->C->B,120
3938.1052899848846,B->D->E->A->C->B,120
3934.5100026615414,B->D->E->A->C->B,120
3930.915112007792,B->D->E->A->C->B,120
3927.3206183424463,B->D->E->A->C->B,120
3923.726521984824,B->D->E->A->C->B,120
3920.1328232547535,B->D->E->A->C->B,120
3916.5395224725726,B->D->E->A->C->B,120
3912.9466199591316,B->D->E->A->C->B,120
3909.354116035794,B->D->E->A->C->B,120
3905.762011024437,B->D->E->A->C->B,120
3902.170305247453,C->D->E->A->B->C,103
3898.578999027752,C->D->E->A->B->C,103
3894.988092688761,C->D->E->A->B->C,103
3891.3975865544257,C->D->E->A->B->C,103
3887.807480949213,C->D->E->A->B->C,103
3884.217776198111,C->D->E->A->B->C,103
3880.628472626631,C->D->E->A->B->C,103
3877.039570560807,C->D->E->A->B->C,103
3873.4510703272003,C->D->E->A->B->C,103
3869.8629722528976,C->D->E->A->B->C,103
3866.275276665514,C->D->E->A->B->C,103
3862.687983893193,C->D->E->A->B->C,103
3859.10109426461,C->D->E->A->B->C,103
3855.51460810897,C->D->E->A->B->C,103
3851.9285257560136,C->D->E->A->B->C,103
3848.3428475360133,C->D->E->A->B->C,103
3844.7575737797783,C->D->E->A->B->C,103
3841.172704818655,C->D->E->A->B->C,103
3837.588240984527,C->D->E->A->B->C,103
3834.0041826098186,C->D->E->A->B->C,103
3830.420530027494,C->D->E->A->B->C,103
3826.8372835710593,C->D->E->A->B->C,103
3823.254443574565,C->D->E->A->B->C,103
3819.6720103726057,C->D->E->A->B->C,103
3816.0899843003226,C->D->E->A->B->C,103
3812.508365693404,C->D->E->A->B->C,103
3808.9271548880865,C->D->E->A->B->C,103
3805.3463522211573,C->D->E->A->B->C,103
3801.7659580299555,C->D->B->A->E->C,101
3798.185972652372,C->D->B->A->E->C,101
3794.606396426853,C->D->B->A->E->C,101
3791.0272296923986,C->D->B->A->E->C,101
3787.4484727885674,C->D->B->A->E->C,101
3783.870126055476,C->D->B->A->E->C,101
3780.292189833799,C->D->B->A->E->C,101
3776.7146644647746,C->D->B->A->E->C,101
3773.137550290201,C->D->B->A->E->C,101
3769.5608476524417,C->D->B->A->E->C,101
3765.9845568944243,C->D->B->A->E->C,101
3762.4086783596435,C->D->B->A->E->C,101
3758.8332123921623,C->D->B->A->E->C,101
3755.258159336612,C->D->B->A->E->C,101
3751.6835195381955,C->D->B->A->E->C,101
3748.1092933426876,C->D->B->A->E->C,101
3744.535481096437,C->D->B->A->E->C,101
3740.9620831463662,C->D->B->A->E->C,101
3737.389099839976,C->D->B->A->E->C,101
3733.8165315253436,C->D->B->A->E->C,101
3730.2443785511264,C->D->B->A->E->C,101
3726.6726412665616,C->D->B->A->E->C,101
3723.1013200214697,C->D->B->A->E->C,101
3719.530415166254,C->D->B->A->E->C,101
3715.959927051903,C->D->B->A->E->C,101
3712.389856029992,C->D->B->A->E->C,101
3708.8202024526845,C->D->B->A->E->C,101
3705.250966672733,C->D->B->A->E->C,101
3701.682149043481,C->D->B->A->E->C,101
3698.113749918865,C->D->B->A->E->C,101
3694.545769653415,C->D->B->A->E->C,101
3690.9782086022565,C->D->B->A->E->C,101
3687.4110671211115,C->D->B->A->E->C,101
3683.8443455663014,C->D->B->A->E->C,101
3680.2780442947465,C->D->B->A->E->C,101
3676.7121636639695,C->D->B->A->E->C,101
3673.146704032095,C->D->B->A->E->C,101
3669.5816657578525,C->D->B->A->E->C,101
3666.017049200578,C->D->B->A->E->C,101
3662.452854720215,C->D->B->A->E->C,101
3658.8890826773145,C->D->B->A->E->C,101
3655.32573343304,C->D->B->A->E->C,101
3651.7628073491665,C->D->B->A->E->C,101
3648.200304788082,C->D->B->A->E->C,101
3644.638226112791,C->D->B->A->E->C,101
3641.0765716869137,C->D->B->A->E->C,101
3637.515341874689,C->D->B->A->E->C,101
3633.954537040976,C->D->B->A->E->C,101
3630.3941575512554,C->D->B->A->E->C,101
3626.8342037716307,C->D->B->A->E->C,101
3623.27467606883,C->D->B->A->E->C,101
3619.7155748102086,C->D->B->A->E->C,101
3616.1569003637483,C->D->B->A->E->C,101
3612.5986530980613,C->D->B->A->E->C,101
3609.0408333823907,C->D->B->A->E->C,101
3605.483441586612,C->D->B->A->E->C,101
3601.926478081236,C->D->B->A->E->C,101
3598.369943237408,C->D->B->A->E->C,101
3594.813837426912,C->D->B->A->E->C,101
3591.2581610221714,C->D->B->A->E->C,101
3587.7029143962495,C->D->B->A->E->C,101
3584.148097922853,C->D->B->A->E->C,101
3580.5937119763325,C->D->B->A->E->C,101
3577.0397569316838,C->D->B->A->E->C,101
3573.4862331645513,C->D->B->A->E->C,101
3569.9331410512277,C->D->B->A->E->C,101
3566.3804809686576,C->D->B->A->E->C,101
3562.8282532944368,C->D->B->A->E->C,101
3559.276458406816,C->D->B->A->E->C,101
3555.725096684702,C->D->B->A->E->C,101
3552.174168507659,C->D->B->A->E->C,101
3548.623674255911,C->D->B->A->E->C,101
3545.073614310342,C->D->B->A->E->C,101
3541.523989052499,C->D->B->A->E->C,101
3537.974798864595,C->D->B->A->E->C,101
3534.4260441295073,C->D->B->A->E->C,101
3530.877725230782,C->D->B->A->E->C,101
3527.3298425526345,C->D->B->A->E->C,101
3523.7823964799522,C->D->B->A->E->C,101
3520.2353873982956,C->D->B->A->E->C,101
3516.6888156939,C->D->B->A->E->C,101
3513.1426817536767,C->D->B->A->E->C,101
3509.596985965217,C->D->B->A->E->C,101
3506.051728716791,C->D->B->A->E->C,101
3502.506910397352,C->D->B->A->E->C,101
3498.962531396536,C->D->B->A->E->C,101
3495.4185921046665,C->D->B->A->E->C,101
3491.875092912752,C->D->B->A->E->C,101
3488.3320342124916,C->D->B->E->A->C,105
3484.789416396276,C->D->B->E->A->C,105
3481.2472398571877,C->D->B->E->A->C,105
3477.7055049890046,C->D->B->E->A->C,105
3474.164212186201,C->D->B->E->A->C,105
3470.623361843949,C->D->B->E->A->C,105
3467.082954358122,C->D->B->E->A->C,105
3463.542990125295,C->D->B->E->A->C,105
3460.0034695427466,C->D->B->E->A->C,105
3456.4643930084617,C->D->B->E->A->C,105
3452.9257609211327,C->D->B->E->A->C,105
3449.387573680162,C->D->B->E->A->C,105
3445.849831685663,C->D->B->E->A->C,105
3442.3125353384626,C->D->B->E->A->C,105
3438.775685040103,C->D->B->E->A->C,105
3435.2392811928435,C->D->B->E->A->C,105
3431.703324199663,C->D->B->E->A->C,105
3428.16781446426,C->D->B->E->A->C,105
3424.632752391058,C->D->B->E->A->C,105
3421.098138385204,C->D->B->E->A->C,105
3417.5639728525716,C->D->B->E->A->C,105
3414.030256199764,C->D->B->E->A->C,105
3410.496988834115,C->D->B->E->A->C,105
3406.9641711636914,C->D->B->E->A->C,105
3403.4318035972933,C->D->B->E->A->C,105
3399.8998865444587,C->D->B->E->A->C,105
3396.368420415464,C->D->B->E->A->C,105
3392.8374056213256,C->D->B->E->A->C,105
3389.3068425738034,C->D->B->E->A->C,105
3385.7767316854015,C->D->B->E->A->C,105
3382.2470733693704,C->D->B->E->A->C,105
3378.7178680397096,C->D->B->E->A->C,105
3375.1891161111694,C->D->B->E->A->C,105
3371.660817999252,C->D->B->E->A->C,105
3368.132974120215,C->D->B->E->A->C,105
3364.605584891073,C->D->B->E->A->C,105
3361.078650729599,C->D->B->E->A->C,105
3357.552172054327,C->D->B->E->A->C,105
3354.026149284555,C->D->B->E->A->C,105
3350.5005828403437,C->D->B->E->A->C,105
3346.9754731425237,C->D->B->E->A->C,105
3343.450820612693,C->D->B->E->A->C,105
3339.9266256732217,C->D->B->E->A->C,105
3336.402888747253,C->D->B->E->A->C,105
3332.879610258706,C->D->B->E->A->C,105
3329.356790632278,C->D->B->E->A->C,105
3325.8344302934443,C->D->B->E->A->C,105
3322.3125296684643,C->D->B->E->A->C,105
3318.791089184381,C->D->B->E->A->C,105
3315.2701092690227,C->D->B->E->A->C,105
3311.749590351007,C->D->B->E->A->C,105
3308.229532859742,C->D->B->E->A->C,105
3304.7099372254283,C->D->B->E->A->C,105
3301.190803879062,C->D->B->E->A->C,105
3297.672133252436,C->D->B->E->A->C,105
3294.1539257781433,C->D->B->E->A->C,105
3290.636181889577,C->D->B->E->A->C,105
3287.118902020936,C->D->B->E->A->C,105
3283.602086607223,C->D->B->E->A->C,105
3280.085736084251,C->D->B->E->A->C,105
3276.5698508886426,C->D->B->E->A->C,105
3273.054431457833,C->D->B->E->A->C,105
3269.5394782300727,C->D->B->E->A->C,105
3266.0249916444304,C->D->B->E->A->C,105
3262.510972140793,C->D->B->E->A->C,105
3258.9974201598698,C->D->B->E->A->C,105
3255.4843361431945,C->D->B->E->A->C,105
3251.971720533127,C->D->B->E->A->C,105
3248.4595737728564,C->D->B->E->A->C,105
3244.947896306402,C->D->B->E->A->C,105
3241.436688578618,C->D->B->E->A->C,105
3237.925951035193,C->D->B->E->A->C,105
3234.415684122655,C->D->B->E->A->C,105
3230.905888288371,C->D->B->E->A->C,105
3227.396563980552,C->D->B->A->E->C,101
3223.887711648254,C->D->B->A->E->C,101
3220.3793317413806,C->D->B->A->E->C,101
3216.871424710685,C->D->B->A->E->C,101
3213.363991007773,C->D->B->A->E->C,101
3209.857031085106,C->D->B->A->E->C,101
3206.3505453960015,C->D->B->A->E->C,101
3202.844534394637,C->D->B->A->E->C,101
3199.3389985360523,C->D->B->A->E->C,101
3195.8339382761515,C->D->B->A->E->C,101
3192.329354071706,C->D->B->A->E->C,101
3188.8252463803565,C->D->B->A->E->C,101
3185.3216156606154,C->D->B->A->E->C,101
3181.8184623718703,C->D->B->A->E->C,101
3178.3157869743845,C->D->B->A->E->C,101
3174.813589929302,C->D->B->A->E->C,101
3171.311871698648,C->D->B->A->E->C,101
3167.8106327453315,C->D->B->A->E->C,101
3164.30987353315,C->D->B->A->E->C,101
3160.8095945267896,C->D->B->A->E->C,101
3157.3097961918284,C->D->B->A->E->C,101
3153.8104789947397,C->D->B->A->E->C,101
3150.3116434028934,C->D->B->A->E->C,101
3146.8132898845593,C->D->B->A->E->C,101
3143.3154189089096,C->D->B->A->E->C,101
3139.8180309460217,C->D->B->A->E->C,101
3136.3211264668803,C->D->B->A->E->C,101
3132.8247059433806,C->D->B->A->E->C,101
3129.32876984833,C->D->B->A->E->C,101
3125.8333186554523,C->D->B->A->E->C,101
3122.3383528393883,C->D->B->A->E->C,101
3118.8438728757005,C->D->B->A->E->C,101
3115.3498792408745,C->D->B->A->E->C,101
3111.8563724123223,C->D->B->A->E->C,101
3108.363352868384,C->D->B->A->E->C,101
3104.8708210883315,C->D->B->A->E->C,101
3101.3787775523715,C->D->B->A->E->C,101
3097.887222741647,C->D->B->A->E->C,101
3094.3961571382406,C->D->B->A->E->C,101
3090.905581225178,C->D->B->A->E->C,101
3087.41549548643,C->D->B->A->E->C,101
3083.925900406914,C->D->A->B->E->C,66
3080.4367964724997,C->D->A->B->E->C,66
3076.94818417001,C->D->A->B->E->C,66
3073.4600639872233,C->D->A->B->E->C,66
3069.972436412878,C->D->A->B->E->C,66
3066.4853019366733,C->D->A->B->E->C,66
3062.9986610492747,C->D->A->B->E->C,66
3059.5125142423144,C->D->A->B->E->C,66
3056.026862008395,C->D->A->B->E->C,66
3052.5417048410923,C->D->A->B->E->C,66
3049.057043234959,C->D->A->B->E->C,66
3045.5728776855262,C->D->A->B->E->C,66
3042.0892086893073,C->E->A->B->D->C,101
3038.6060367438004,C->E->A->B->D->C,101
3035.1233623474914,C->E->A->B->D->C,101
3031.6411859998566,C->E->A->B->D->C,101
3028.159508201367,C->E->A->B->D->C,101
3024.678329453489,C->E->A->B->D->C,101
3021.1976502586895,C->E->A->B->D->C,101
3017.7174711204375,C->E->A->B->D->C,101
3014.237792543208,C->E->A->B->D->C,101
3010.7586150324837,C->E->A->B->D->C,101
3007.27993909476,C->E->A->B->D->C,101
3003.8017652375456,C->E->A->B->D->C,101
3000.324093969368,C->E->A->B->D->C,101
2996.846925799775,C->E->A->B->D->C,101
2993.3702612393377,C->E->A->B->D->C,101
2989.894100799655,C->E->A->B->D->C,101
2986.418444993355,C->E->A->B->D->C,101
2982.943294334099,C->E->A->B->D->C,101
2979.468649336584,C->E->A->B->D->C,101
2975.9945105165466,C->E->A->B->D->C,101
2972.5208783907665,C->E->A->B->D->C,101
2969.0477534770675,C->A->E->B->D->C,105
2965.5751362943233,C->A->E->B->D->C,105
2962.1030273624588,C->A->E->B->D->C,105
2958.6314272024542,C->A->E->B->D->C,105
2955.160336336348,C->A->E->B->D->C,105
2951.6897552872397,C->A->E->B->D->C,105
2948.2196845792946,C->A->E->B->D->C,105
2944.7501247377445,C->A->E->B->D->C,105
2941.2810762888935,C->A->E->B->D->C,105
2937.8125397601198,C->A->E->B->D->C,105
2934.344515679879,C->A->E->B->D->C,105
2930.8770045777082,C->A->E->B->D->C,105
2927.4100069842284,C->A->E->B->D->C,105
2923.9435234311486,C->A->E->B->D->C,105
2920.4775544512686,C->A->E->B->D->C,105
2917.0121005784827,C->A->E->B->D->C,105
2913.547162347783,C->A->E->B->D->C,105
2910.082740295262,C->A->E->B->D->C,105
2906.618834958117,C->A->E->B->D->C,105
2903.1554468746535,C->E->A->B->D->C,101
2899.692576584288,C->E->A->B->D->C,101
2896.2302246275513,C->E->A->B->D->C,101
2892.7683915460925,C->E->A->B->D->C,101
2889.307077882683,C->E->A->B->D->C,101
2885.846284181219,C->E->A->B->D->C,101
2882.386010986724,C->E->A->B->D->C,101
2878.9262588453553,C->E->A->B->D->C,101
2875.4670283044047,C->E->A->B->D->C,101
2872.0083199123033,C->E->A->B->D->C,101
2868.550134218625,C->E->A->B->D->C,101
2865.0924717740895,C->E->A->B->D->C,101
2861.635333130567,C->E->A->B->D->C,101
2858.17871884108,C->E->A->B->D->C,101
2854.722629459809,C->E->A->B->D->C,101
2851.2670655420948,B->E->A->C->D->B,105
2847.812027644442,B->E->A->C->D->B,105
2844.357516324523,A->E->B->C->D->A,73
2840.9035321411825,A->E->B->C->D->A,73
2837.4500756544394,A->E->B->C->D->A,73
2833.997147425492,C->E->B->A->D->C,66
2830.5447480167218,C->E->B->A->D->C,66
2827.0928779916953,C->E->B->A->D->C,66
2823.6415379151704,C->E->B->A->D->C,66
2820.1907283530977,C->E->B->A->D->C,66
2816.740449872626,C->E->B->A->D->C,66
2813.290703042105,C->E->B->A->D->C,66
2809.8414884310905,C->E->B->A->D->C,66
2806.3928066103463,C->E->B->A->D->C,66
2802.944658151849,C->E->B->A->D->C,66
2799.497043628793,C->E->B->A->D->C,66
2796.049963615593,C->E->B->A->D->C,66
2792.6034186878865,C->E->B->A->D->C,66
2789.1574094225416,C->E->B->A->D->C,66
2785.711936397657,C->E->B->A->D->C,66
2782.267000192569,C->E->B->A->D->C,66
2778.8226013878525,C->E->B->A->D->C,66
2775.3787405653275,C->E->B->A->D->C,66
2771.935418308062,C->E->B->A->D->C,66
2768.492635200376,C->E->B->A->D->C,66
2765.050391827845,C->E->B->A->D->C,66
2761.6086887773063,C->E->B->A->D->C,66
2758.1675266368597,C->E->B->A->D->C,66
2754.726905995874,C->E->B->A->D->C,66
2751.28682744499,C->E->B->A->D->C,66
2747.8472915761263,C->E->B->A->D->C,66
2744.40829898248,C->E->B->A->D->C,66
2740.9698502585343,C->E->B->A->D->C,66
2737.531946000061,C->E->B->A->D->C,66
2734.094586804125,C->E->B->A->D->C,66
2730.657773269088,C->E->B->A->D->C,66
2727.2215059946143,C->E->B->A->D->C,66
2723.785785581673,C->E->B->A->D->C,66
2720.350612632543,C->E->B->A->D->C,66
2716.915987750818,C->E->B->A->D->C,66
2713.48191154141,C->E->B->A->D->C,66
2710.0483846105544,C->E->B->A->D->C,66
2706.6154075658123,C->E->B->A->D->C,66
2703.1829810160775,C->E->B->A->D->C,66
2699.751105571579,C->E->B->A->D->C,66
2696.3197818438866,C->E->B->A->D->C,66
2692.889010445914,C->E->B->A->D->C,66
2689.458791991925,C->E->B->A->D->C,66
2686.029127097536,C->E->B->A->D->C,66
2682.6000163797207,C->E->B->A->D->C,66
2679.1714604568174,C->E->B->A->D->C,66
2675.743459948529,C->E->B->A->D->C,66
2672.3160154759316,C->E->B->A->D->C,66
2668.8891276614763,C->E->B->A->D->C,66
2665.4627971289947,C->E->B->A->D->C,66
2662.0370245037034,C->E->B->A->D->C,66
2658.6118104122093,C->E->B->A->D->C,66
2655.1871554825134,C->E->B->A->D->C,66
2651.7630603440152,B->E->C->A->D->B,83
2648.3395256275185,B->E->C->A->D->B,83
2644.9165519652347,B->E->C->A->D->B,83
2641.494139990789,B->E->C->A->D->B,83
2638.0722903392234,C->E->B->A->D->C,66
2634.6510036470027,C->E->B->A->D->C,66
2631.230280552019,C->E->B->A->D->C,66
2627.810121693596,C->E->B->A->D->C,66
2624.3905277124954,C->E->B->A->D->C,66
2620.971499250919,C->E->B->A->D->C,66
2617.5530369525154,C->E->B->A->D->C,66
2614.135141462385,C->E->B->A->D->C,66
2610.7178134270844,C->E->B->A->D->C,66
2607.301053494631,C->E->B->A->D->C,66
2603.884862314509,C->E->B->A->D->C,66
2600.4692405376722,C->E->B->A->D->C,66
2597.0541888165517,C->E->B->A->D->C,66
2593.639707805059,C->E->B->A->D->C,66
2590.225798158592,C->E->B->A->D->C,66
2586.81246053404,C->E->B->A->D->C,66
2583.399695589787,C->E->B->A->D->C,66
2579.9875039857197,C->E->B->A->D->C,66
2576.5758863832307,C->E->B->A->D->C,66
2573.1648434452236,C->E->B->A->D->C,66
2569.7543758361194,C->E->B->A->D->C,66
2566.344484221861,C->E->B->A->D->C,66
2562.9351692699174,C->E->B->A->D->C,66
2559.5264316492908,C->E->B->A->D->C,66
2556.1182720305205,C->E->B->A->D->C,66
2552.710691085689,C->E->B->A->D->C,66
2549.3036894884267,C->E->B->A->D->C,66
2545.8972679139174,C->E->B->A->D->C,66
2542.491427038904,C->E->B->A->D->C,66
2539.086167541693,C->E->B->A->D->C,66
2535.681490102161,C->E->B->A->D->C,66
2532.2773954017603,C->E->B->A->D->C,66
2528.8738841235217,C->E->B->A->D->C,66
2525.4709569520637,C->E->B->A->D->C,66
2522.068614573596,C->E->B->A->D->C,66
2518.6668576759243,C->E->B->A->D->C,66
2515.2656869484586,C->E->B->A->D->C,66
2511.8651030822152,C->E->B->A->D->C,66
2508.465106769825,C->E->B->A->D->C,66
2505.0656987055386,C->E->B->A->D->C,66
2501.666879585231,C->E->B->A->D->C,66
2498.268650106408,C->E->B->A->D->C,66
2494.8710109682124,C->E->B->A->D->C,66
2491.4739628714287,C->E->B->A->D->C,66
2488.077506518489,C->E->B->A->D->C,66
2484.681642613479,C->E->B->A->D->C,66
2481.2863718621456,C->E->B->A->D->C,66
2477.891694971899,C->E->B->A->D->C,66
2474.497612651822,C->E->B->A->D->C,66
2471.1041256126737,C->E->B->A->D->C,66
2467.7112345668966,C->E->B->A->D->C,66
2464.3189402286225,C->E->B->A->D->C,66
2460.9272433136784,C->E->B->A->D->C,66
2457.5361445395915,C->E->B->A->D->C,66
2454.1456446255966,C->E->B->A->D->C,66
2450.7557442926413,C->E->B->A->D->C,66
2447.366444263393,C->E->B->A->D->C,66
2443.9777452622448,C->E->B->A->D->C,66
2440.5896480153197,C->E->B->A->D->C,66
2437.20215325048,C->E->B->A->D->C,66
2433.8152616973316,C->E->B->A->D->C,66
2430.42897408723,C->E->B->A->D->C,66
2427.0432911532876,C->E->B->A->D->C,66
2423.658213630379,C->E->B->A->D->C,66
2420.273742255149,C->E->B->A->D->C,66
2416.889877766017,C->E->B->A->D->C,66
2413.506620903184,C->E->B->A->D->C,66
2410.12397240864,C->E->B->A->D->C,66
2406.7419330261696,C->E->B->A->D->C,66
2403.3605035013584,C->E->B->A->D->C,66
2399.9796845815995,C->E->B->A->D->C,66
2396.599477016101,C->E->B->A->D->C,66
2393.2198815558913,C->E->B->A->D->C,66
2389.8408989538266,C->E->B->A->D->C,66
2386.462529964597,C->E->D->A->B->C,81
2383.084775344733,C->E->D->A->B->C,81
2379.7076358526133,C->E->D->A->B->C,81
2376.3311122484706,C->E->D->A->B->C,81
2372.955205294399,C->E->D->A->B->C,81
2369.57991575436,C->E->D->A->B->C,81
2366.20524439419,C->E->D->A->B->C,81
2362.8311919816065,C->E->D->A->B->C,81
2359.457759286216,C->E->D->A->B->C,81
2356.0849470795206,C->E->D->A->B->C,81
2352.712756134924,C->E->D->A->B->C,81
2349.3411872277397,C->E->D->A->B->C,81
2345.9702411351977,C->E->D->A->B->C,81
2342.599918636452,C->E->D->A->B->C,81
2339.230220512586,C->E->D->A->B->C,81
2335.8611475466223,C->E->D->A->B->C,81
2332.492700523527,C->E->D->A->B->C,81
2329.1248802302202,C->E->D->A->B->C,81
2325.7576874555793,A->E->D->C->B->A,103
2322.39112299045,A->E->D->C->B->A,103
2319.025187627652,A->E->D->C->B->A,103
2315.659882161986,A->E->D->C->B->A,103
2312.295207390241,A->E->D->C->B->A,103
2308.9311641112035,A->E->D->C->B->A,103
2305.567753125663,A->E->D->C->B->A,103
2302.20497523642,A->E->C->D->B->A,101
2298.8428312482943,A->E->C->D->B->A,101
2295.481321968132,A->E->C->D->B->A,101
2292.120448204813,A->E->C->D->B->A,101
2288.760210769259,A->E->C->D->B->A,101
2285.4006104744417,A->E->C->D->B->A,101
2282.0416481353886,A->E->C->D->B->A,101
2278.6833245691932,A->E->C->D->B->A,101
2275.3256405950215,A->E->C->D->B->A,101
2271.9685970341193,A->E->C->D->B->A,101
2268.612194709822,A->E->C->D->B->A,101
2265.2564344475604,A->E->C->D->B->A,101
2261.901317074871,A->E->C->D->B->A,101
2258.5468434214013,A->E->C->D->B->A,101
2255.1930143189197,A->E->C->D->B->A,101
2251.8398306013237,A->E->C->D->B->A,101
2248.487293104647,A->E->C->D->B->A,101
2245.1354026670683,A->E->C->D->B->A,101
2241.784160128919,A->E->C->D->B->A,101
2238.433566332693,A->E->C->D->B->A,101
2235.0836221230525,A->E->C->D->B->A,101
2231.7343283468385,A->E->C->D->B->A,101
2228.3856858530785,A->E->C->D->B->A,101
2225.0376954929943,A->E->C->D->B->A,101
2221.6903581200118,A->E->C->D->B->A,101
2218.343674589768,A->E->C->D->B->A,101
2214.997645760121,E->A->C->D->B->E,105
2211.6522724911574,E->A->C->D->B->E,105
2208.307555645202,E->A->C->D->B->E,105
2204.9634960868248,E->A->C->D->B->E,105
2201.6200946828526,E->A->C->D->B->E,105
2198.2773523023757,E->A->C->D->B->E,105
2194.9352698167563,E->A->C->D->B->E,105
2191.5938480996388,E->A->C->D->B->E,105
2188.2530880269583,E->A->C->D->B->E,105
2184.912990476949,E->A->C->D->B->E,105
2181.573556330154,E->A->C->D->B->E,105
2178.2347864694348,E->A->C->D->B->E,105
2174.896681779978,E->A->C->D->B->E,105
2171.5592431493073,E->A->C->D->B->E,105
2168.2224714672916,E->A->C->D->B->E,105
2164.886367626153,E->A->C->D->B->E,105
2161.550932520479,E->A->C->D->B->E,105
2158.2161670472287,E->A->C->D->B->E,105
2154.8820721057446,E->A->C->D->B->E,105
2151.548648597761,E->A->C->D->B->E,105
2148.2158974274125,E->A->C->D->B->E,105
2144.8838195012463,E->A->C->D->B->E,105
2141.5524157282293,E->A->C->D->B->E,105
2138.221687019759,E->A->C->D->B->E,105
2134.8916342896728,E->A->C->D->B->E,105
2131.5622584542575,E->A->C->D->B->E,105
2128.2335604322598,E->A->C->D->B->E,105
2124.905541144896,E->A->C->D->B->E,105
2121.5782015158607,E->A->C->D->B->E,105
2118.2515424713392,E->A->C->D->B->E,105
2114.925564940015,E->A->C->D->B->E,105
2111.600269853082,A->E->C->D->B->A,101
2108.2756581442522,A->E->C->D->B->A,101
2104.9517307497686,A->E->C->D->B->A,101
2101.6284886084136,A->E->C->D->B->A,101
2098.3059326615203,A->E->C->D->B->A,101
2094.9840638529818,A->E->C->D->B->A,101
2091.662883129263,A->E->C->D->B->A,101
2088.3423914394093,A->E->C->D->B->A,101
2085.022589735059,A->E->C->D->B->A,101
2081.703478970452,A->E->C->D->B->A,101
2078.385060102443,A->E->C->D->B->A,101
2075.0673340905087,D->E->C->A->B->D,113
2071.750301896762,D->E->C->A->B->D,113
2068.4339644859606,D->E->C->A->B->D,113
2065.1183228255186,D->E->C->A->B->D,113
2061.8033778855174,D->E->C->A->B->D,113
2058.4891306387167,D->E->C->A->B->D,113
2055.175582060566,D->E->C->A->B->D,113
2051.8627331292137,D->E->C->A->B->D,113
2048.5505848255216,D->E->C->A->B->D,113
2045.2391381330735,D->E->C->A->B->D,113
2041.9283940381874,D->E->C->A->B->D,113
2038.618353529927,D->E->C->A->B->D,113
2035.3090176001124,D->E->C->A->B->D,113
2032.0003872433324,D->E->C->A->B->D,113
2028.692463456956,D->E->C->A->B->D,113
2025.3852472411431,D->E->C->A->B->D,113
2022.0787395988577,D->E->C->A->B->D,113
2018.772941535878,D->E->C->A->B->D,113
2015.4678540608093,D->E->C->A->B->D,113
2012.1634781850953,D->E->C->A->B->D,113
2008.8598149230306,D->E->C->A->B->D,113
2005.5568652917725,D->E->C->A->B->D,113
2002.2546303113525,D->E->C->A->B->D,113
1998.9531110046892,D->E->C->A->B->D,113
1995.6523083975999,D->E->C->A->B->D,113
1992.3522235188136,D->E->C->A->B->D,113
1989.0528573999827,D->E->C->A->B->D,113
1985.7542110756958,D->E->C->A->B->D,113
1982.45628558349,D->E->C->A->B->D,113
1979.1590819638632,D->E->C->A->B->D,113
1975.8626012602872,D->E->C->A->B->D,113
1972.5668445192205,D->E->C->A->B->D,113
1969.2718127901203,D->E->C->A->B->D,113
1965.9775071254562,D->E->C->A->B->D,113
1962.6839285807227,D->E->C->A->B->D,113
1959.3910782144521,D->E->C->A->B->D,113
1956.0989570882277,D->E->C->A->B->D,113
1952.8075662666972,D->E->C->A->B->D,113
1949.5169068175856,D->E->C->A->B->D,113
1946.2269798117084,D->E->C->A->B->D,113
1942.937786322985,D->E->C->A->B->D,113
1939.6493274284526,D->E->C->A->B->D,113
1936.3616042082795,D->E->C->A->B->D,113
1933.0746177457781,D->E->C->A->B->D,113
1929.7883691274196,D->E->C->A->B->D,113
1926.502859442847,D->E->C->A->B->D,113
1923.218089784889,D->E->C->A->B->D,113
1919.9340612495741,D->C->E->A->B->D,101
1916.6507749361451,D->C->E->A->B->D,101
1913.3682319470722,D->C->E->A->B->D,101
1910.086433388068,D->C->E->A->B->D,101
1906.8053803681007,D->C->E->A->B->D,101
1903.5250739994099,C->D->E->A->B->C,103
1900.24551539752,C->D->E->A->B->C,103
1896.9667056812546,C->D->E->A->B->C,103
1893.6886459727516,C->D->E->A->B->C,103
1890.411337397478,C->D->E->A->B->C,103
1887.134781084244,C->D->E->A->B->C,103
1883.8589781652179,C->D->E->A->B->C,103
1880.583929775942,C->D->E->A->B->C,103
1877.3096370553465,C->D->E->A->B->C,103
1874.036101145765,C->D->E->A->B->C,103
1870.76332319295,C->D->E->A->B->C,103
1867.4913043460876,C->D->E->A->B->C,103
1864.2200457578135,C->D->E->A->B->C,103
1860.9495485842278,C->D->E->A->B->C,103
1857.6798139849113,C->D->E->A->B->C,103
1854.4108431229408,C->D->E->A->B->C,103
1851.1426371649045,C->D->E->A->B->C,103
1847.8751972809182,C->D->E->A->B->C,103
1844.6085246446414,C->D->E->A->B->C,103
1841.3426204332934,C->D->E->A->B->C,103
1838.0774858276686,C->D->E->A->B->C,103
1834.8131220121538,C->D->E->A->B->C,103
1831.549530174744,C->D->E->A->B->C,103
1828.2867115070583,C->D->E->A->B->C,103
1825.0246672043577,C->D->E->A->B->C,103
1821.7633984655606,C->D->E->A->B->C,103
1818.50290649326,C->D->E->A->B->C,103
1815.2431924937407,C->D->E->A->B->C,103
1811.9842576769952,C->D->E->A->B->C,103
1808.7261032567415,C->D->E->A->B->C,103
1805.46873045044,C->D->E->A->B->C,103
1802.2121404793113,C->D->E->A->B->C,103
1798.9563345683525,C->D->E->A->B->C,103
1795.7013139463556,C->D->E->A->B->C,103
1792.4470798459245,C->D->E->A->B->C,103
1789.1936335034927,C->D->E->A->B->C,103
1785.9409761593415,C->D->E->A->B->C,103
1782.6891090576175,C->D->E->A->B->C,103
1779.438033446351,C->D->E->A->B->C,103
1776.1877505774733,C->D->E->A->B->C,103
1772.9382617068359,C->D->E->A->B->C,103
1769.6895680942282,C->D->E->A->B->C,103
1766.441671003396,C->D->E->A->B->C,103
1763.1945717020608,C->D->E->B->A->C,100
1759.9482714619373,C->D->E->B->A->C,100
1756.7027715587533,C->D->E->B->A->C,100
1753.4580732722675,C->D->E->B->A->C,100
1750.2141778862897,C->D->E->B->A->C,100
1746.971086688699,C->D->E->B->A->C,100
1743.728800971464,C->D->E->B->A->C,100
1740.487322030661,C->D->E->B->A->C,100
1737.246651166495,C->D->E->B->A->C,100
1734.006789683318,C->D->E->B->A->C,100
1730.7677388896493,C->D->E->B->A->C,100
1727.529500098196,C->D->E->B->A->C,100
1724.2920746258717,A->D->E->B->C->A,85
1721.0554637938178,A->D->E->B->C->A,85
1717.8196689274232,A->D->E->B->C->A,85
1714.5846913563448,A->D->E->B->C->A,85
1711.3505324145285,A->D->E->B->C->A,85
1708.1171934402291,A->D->E->B->C->A,85
1704.8846757760316,A->D->E->B->C->A,85
1701.652980768872,A->D->E->B->C->A,85
1698.4221097700583,A->D->E->B->C->A,85
1695.192064135292,A->D->E->B->C->A,85
1691.9628452246886,A->D->E->B->C->A,85
1688.7344544028008,A->D->E->B->C->A,85
1685.5068930386378,A->D->E->B->C->A,85
1682.280162505689,A->D->E->B->C->A,85
1679.0542641819452,A->D->E->B->C->A,85
1675.8291994499202,A->D->E->B->C->A,85
1672.6049696966738,A->D->E->B->C->A,85
1669.3815763138336,A->D->E->B->C->A,85
1666.1590206976177,A->D->E->B->C->A,85
1662.937304248857,A->D->E->B->C->A,85
1659.716428373018,A->D->E->B->C->A,85
1656.4963944802269,A->D->E->B->C->A,85
1653.2772039852905,A->D->E->B->C->A,85
1650.0588583077215,A->D->E->B->C->A,85
1646.8413588717608,A->D->E->B->C->A,85
1643.624707106401,A->D->E->B->C->A,85
1640.4089044454106,A->D->E->B->C->A,85
1637.1939523273572,A->D->E->B->C->A,85
1633.9798521956325,A->D->E->B->C->A,85
1630.7666054984754,A->D->E->B->C->A,85
1627.554213688997,A->D->E->B->C->A,85
1624.3426782252045,A->D->E->B->C->A,85
1621.1320005700265,A->D->E->B->C->A,85
1617.9221821913377,A->D->E->B->C->A,85
1614.7132245619835,A->D->E->B->C->A,85
1611.5051291598052,A->D->E->B->C->A,85
1608.2978974676655,A->D->E->B->C->A,85
1605.0915309734746,A->D->E->B->C->A,85
1601.8860311702147,A->D->E->B->C->A,85
1598.6813995559662,A->D->E->B->C->A,85
1595.4776376339344,A->D->E->B->C->A,85
1592.274746912475,A->C->E->B->D->A,83
1589.0727289051204,A->C->E->B->D->A,83
1585.871585130607,A->C->E->B->D->A,83
1582.6713171129009,A->C->E->B->D->A,83
1579.4719263812258,A->C->E->B->D->A,83
1576.2734144700894,A->C->E->B->D->A,83
1573.075782919311,A->C->E->B->D->A,83
1569.8790332740489,A->C->E->B->D->A,83
1566.6831670848278,A->C->E->B->D->A,83
1563.4881859075674,A->C->E->B->D->A,83
1560.2940913036095,A->C->E->B->D->A,83
1557.1008848397469,A->C->E->B->D->A,83
1553.9085680882515,A->C->E->B->D->A,83
1550.717142626903,A->C->E->B->D->A,83
1547.5266100390181,A->C->E->B->D->A,83
1544.3369719134787,A->C->E->B->D->A,83
1541.1482298447618,A->C->E->B->D->A,83
1537.960385432969,A->C->E->B->D->A,83
1534.7734402838555,A->C->E->B->D->A,83
1531.5873960088609,A->C->E->B->D->A,83
1528.4022542251382,A->C->E->B->D->A,83
1525.2180165555849,A->C->E->B->D->A,83
1522.0346846288728,A->C->E->B->D->A,83
1518.8522600794795,A->C->E->B->D->A,83
1515.6707445477186,A->C->E->B->D->A,83
1512.4901396797711,A->C->E->B->D->A,83
1509.310447127717,A->C->E->B->D->A,83
1506.1316685495667,A->C->E->B->D->A,83
1502.9538056092924,A->C->E->B->D->A,83
1499.7768599768608,A->C->E->B->D->A,83
1496.6008333282648,A->C->E->B->D->A,83
1493.4257273455564,A->C->E->B->D->A,83
1490.2515437168795,A->C->E->B->D->A,83
1487.0782841365021,A->C->E->B->D->A,83
1483.9059503048506,A->C->E->B->D->A,83
1480.7345439285425,A->C->E->B->D->A,83
1477.5640667204198,A->C->E->B->D->A,83
1474.394520399584,A->C->E->B->D->A,83
1471.2259066914294,A->C->E->B->D->A,83
1468.0582273276775,A->C->E->B->D->A,83
1464.8914840464124,A->C->E->B->D->A,83
1461.725678592115,A->C->E->B->D->A,83
1458.5608127156984,A->C->E->B->D->A,83
1455.3968881745434,A->C->E->B->D->A,83
1452.2339067325343,A->C->E->B->D->A,83
1449.0718701600945,A->C->E->B->D->A,83
1445.910780234223,A->C->E->B->D->A,83
1442.750638738531,A->C->E->B->D->A,83
1439.5914474632782,D->C->E->B->A->D,66
1436.4332082054102,D->C->E->B->A->D,66
1433.2759227685958,D->C->E->B->A->D,66
1430.1195929632643,D->C->E->B->A->D,66
1426.9642206066437,D->C->E->B->A->D,66
1423.8098075227988,D->C->E->B->A->D,66
1420.6563555426692,D->C->E->B->A->D,66
1417.5038665041086,D->C->E->B->A->D,66
1414.3523422519236,D->C->E->B->A->D,66
1411.2017846379124,D->C->E->B->A->D,66
1408.0521955209056,D->C->E->B->A->D,66
1404.9035767668051,D->C->E->B->A->D,66
1401.7559302486247,D->C->E->B->A->D,66
1398.6092578465302,D->C->E->B->A->D,66
1395.463561447881,D->C->E->B->A->D,66
1392.3188429472702,D->C->E->B->A->D,66
1389.1751042465673,D->C->A->B->E->D,100
1386.0323472549585,D->C->A->B->E->D,100
1382.8905738889898,D->C->A->B->E->D,100
1379.749786072609,D->C->A->B->E->D,100
1376.609985737208,D->C->A->B->E->D,100
1373.471174821667,D->C->A->B->E->D,100
1370.333355272397,D->C->A->B->E->D,100
1367.1965290433834,C->D->A->B->E->C,66
1364.0606980962302,C->D->A->B->E->C,66
1360.9258644002048,C->D->A->B->E->C,66
1357.792029932282,C->D->A->B->E->C,66
1354.65919667719,C->D->A->B->E->C,66
1351.5273666274547,C->D->A->B->E->C,66
1348.3965417834468,C->D->A->B->E->C,66
1345.2667241534264,C->D->A->B->E->C,66
1342.1379157535907,C->D->A->B->E->C,66
1339.0101186081204,C->D->A->B->E->C,66
1335.883334749227,C->D->A->B->E->C,66
1332.7575662172005,C->D->A->B->E->C,66
1329.632815060457,C->D->A->B->E->C,66
1326.5090833355875,C->D->A->B->E->C,66
1323.3863731074064,C->D->A->B->E->C,66
1320.2646864490005,C->D->A->B->E->C,66
1317.144025441779,C->D->A->B->E->C,66
1314.0243921755227,C->D->A->B->E->C,66
1310.9057887484353,C->D->A->B->E->C,66
1307.7882172671927,C->D->A->B->E->C,66
1304.6716798469959,C->D->A->B->E->C,66
1301.5561786116207,C->D->A->B->E->C,66
1298.4417156934708,C->D->A->B->E->C,66
1295.3282932336301,C->D->A->B->E->C,66
1292.215913381915,C->D->A->B->E->C,66
1289.1045782969277,C->D->A->B->E->C,66
1285.9942901461104,C->D->A->B->E->C,66
1282.8850511057988,C->D->A->B->E->C,66
1279.7768633612764,C->D->A->B->E->C,66
1276.6697291068306,C->D->A->B->E->C,66
1273.5636505458067,C->D->A->B->E->C,66
1270.458629890665,C->D->A->B->E->C,66
1267.354669363036,C->D->A->B->E->C,66
1264.251771193778,C->D->A->B->E->C,66
1261.1499376230342,C->D->A->E->B->C,73
1258.0491709002904,C->D->A->E->B->C,73
1254.9494732844328,C->D->A->E->B->C,73
1251.8508470438073,C->D->A->E->B->C,73
1248.7532944562784,C->D->A->E->B->C,73
1245.6568178092887,C->D->A->E->B->C,73
1242.5614193999195,C->D->A->E->B->C,73
1239.4671015349509,C->D->A->E->B->C,73
1236.3738665309236,C->D->A->E->B->C,73
1233.2817167142002,C->D->A->E->B->C,73
1230.1906544210274,C->D->A->E->B->C,73
1227.100681997599,C->D->A->E->B->C,73
1224.0118018001187,C->D->A->E->B->C,73
1220.9240161948649,C->D->A->E->B->C,73
1217.8373275582535,C->D->A->E->B->C,73
1214.751738276904,C->D->A->E->B->C,73
1211.6672507477049,C->D->A->E->B->C,73
1208.583867377879,C->D->A->E->B->C,73
1205.5015905850503,C->D->A->E->B->C,73
1202.4204227973116,C->D->A->E->B->C,73
1199.3403664532916,C->D->A->E->B->C,73
1196.2614240022233,C->D->A->E->B->C,73
1193.1835979040131,C->D->B->E->A->C,105
1190.1068906293103,C->D->B->E->A->C,105
1187.0313046595768,C->D->B->E->A->C,105
1183.9568424871584,C->D->B->E->A->C,105
1180.8835066153554,C->D->B->E->A->C,105
1177.811299558495,C->D->B->E->A->C,105
1174.740223842004,C->D->B->E->A->C,105
1171.6702820024816,C->D->B->E->A->C,105
1168.6014765877733,C->D->B->E->A->C,105
1165.5338101570453,C->D->B->E->A->C,105
1162.4672852808603,C->D->B->E->A->C,105
1159.4019045412526,C->D->B->E->A->C,105
1156.3376705318049,C->D->B->E->A->C,105
1153.274585857725,C->D->B->E->A->C,105
1150.2126531359245,C->D->B->E->A->C,105
1147.1518749950965,C->D->B->E->A->C,105
1144.0922540757952,C->D->B->E->A->C,105
1141.0337930305159,C->A->B->E->D->C,100
1137.9764945237757,C->A->B->E->D->C,100
1134.9203612321946,C->A->B->E->D->C,100
1131.8653958445782,C->A->B->E->D->C,100
1128.8116010619997,C->A->B->E->D->C,100
1125.758979597884,C->A->B->E->D->C,100
1122.7075341780926,C->A->B->E->D->C,100
1119.6572675410075,C->A->B->E->D->C,100
1116.6081824376183,C->A->B->E->D->C,100
1113.5602816316084,C->A->B->E->D->C,100
1110.5135678994423,C->A->B->E->D->C,100
1107.4680440304544,C->A->B->E->D->C,100
1104.4237128269376,C->A->B->E->D->C,100
1101.3805771042337,C->A->B->E->D->C,100
1098.3386396908236,C->A->B->E->D->C,100
1095.2979034284194,C->A->B->E->D->C,100
1092.2583711720567,C->A->B->E->D->C,100
1089.2200457901881,C->A->B->E->D->C,100
1086.182930164777,C->A->B->E->D->C,100
1083.1470271913927,C->A->B->E->D->C,100
1080.1123397793067,C->A->B->E->D->C,100
1077.0788708515893,C->A->B->E->D->C,100
1074.0466233452073,C->A->B->E->D->C,100
1071.015600211123,C->A->B->E->D->C,100
1067.9858044143937,B->A->C->E->D->B,113
1064.9572389342718,B->A->C->E->D->B,113
1061.9299067643071,B->A->C->E->D->B,113
1058.9038109124488,B->A->C->E->D->B,113
1055.8789544011488,B->A->C->E->D->B,113
1052.855340267467,B->A->C->E->D->B,113
1049.8329715631755,B->A->C->E->D->B,113
1046.8118513548661,B->A->C->E->D->B,113
1043.7919827240576,B->A->C->E->D->B,113
1040.7733687673037,B->A->C->E->D->B,113
1037.7560125963034,B->A->C->E->D->B,113
1034.739917338011,B->A->C->E->D->B,113
1031.7250861347486,B->A->C->E->D->B,113
1028.711522144318,B->A->C->E->D->B,113
1025.6992285401152,B->A->C->E->D->B,113
1022.6882085112451,B->A->C->E->D->B,113
1019.6784652626379,B->A->C->E->D->B,113
1016.6700020151665,B->A->C->E->D->B,113
1013.6628220057645,B->A->C->E->D->B,113
1010.6569284875463,B->A->C->E->D->B,113
1007.6523247299278,B->A->C->E->D->B,113
1004.6490140187482,B->A->C->E->D->B,113
1001.6469996563933,B->A->C->E->D->B,113
998.6462849619202,B->A->C->E->D->B,113
995.6468732711827,B->A->C->E->D->B,113
992.6487679369586,B->A->C->E->D->B,113
989.6519723290777,B->A->C->E->D->B,113
986.6564898345514,B->A->C->E->D->B,113
983.6623238577035,B->A->C->E->D->B,113
980.6694778203025,B->A->C->E->D->B,113
977.6779551616952,B->A->C->E->D->B,113
974.6877593389412,B->A->C->E->D->B,113
971.6988938269495,B->A->C->E->D->B,113
968.7113621186162,B->A->C->E->D->B,113
965.7251677249633,B->A->C->E->D->B,113
962.7403141752794,B->A->C->E->D->B,113
959.7568050172616,B->A->C->E->D->B,113
956.7746438171589,B->A->C->E->D->B,113
953.793834159917,B->A->C->E->D->B,113
950.8143796493249,B->A->C->E->D->B,113
947.8362839081628,B->A->C->E->D->B,113
944.8595505783516,B->A->C->E->D->B,113
941.8841833211037,B->A->C->E->D->B,113
938.910185817076,B->A->C->E->D->B,113
935.937561766524,B->A->C->E->D->B,113
932.9663148894576,B->A->C->E->D->B,113
929.9964489257987,B->A->D->E->C->B,81
927.0279676355403,B->A->D->E->C->B,81
924.0608747989077,B->A->D->E->C->B,81
921.0951742165205,B->A->D->E->C->B,81
918.1308697095576,B->A->D->E->C->B,81
915.167965119923,B->A->D->E->C->B,81
912.2064643104137,B->A->D->E->C->B,81
909.2463711648894,B->A->C->E->D->B,113
906.2876895884442,B->A->C->E->D->B,113
903.3304235075797,B->A->C->E->D->B,113
900.3745768703806,B->A->C->E->D->B,113
897.4201536466918,B->A->C->E->D->B,113
894.4671578282974,B->A->C->E->D->B,113
891.5155934291021,B->A->C->E->D->B,113
888.5654644853137,B->A->C->E->D->B,113
885.6167750556289,B->A->C->E->D->B,113
882.66952922142,B->A->C->E->D->B,113
879.7237310869244,B->A->C->E->D->B,113
876.7793847794358,B->A->C->E->D->B,113
873.8364944494973,B->A->C->E->D->B,113
870.8950642710978,B->A->C->E->D->B,113
867.9550984418692,B->A->C->E->D->B,113
865.0166011832863,B->A->C->E->D->B,113
862.0795767408699,B->A->C->E->D->B,113
859.1440293843906,C->A->B->E->D->C,100
856.2099634080757,C->A->B->E->D->C,100
853.277383130819,C->A->B->E->D->C,100
850.3462928963918,C->A->B->E->D->C,100
847.4166970736575,C->A->B->E->D->C,100
844.4886000567875,C->A->B->E->D->C,100
841.5620062654807,C->A->B->E->D->C,100
838.6369201451845,C->A->B->E->D->C,100
835.7133461673192,C->A->B->E->D->C,100
832.7912888295045,C->A->B->E->D->C,100
829.8707526557891,C->A->B->E->D->C,100
826.951742196882,C->A->B->E->D->C,100
824.0342620303877,C->A->B->E->D->C,100
821.1183167610433,C->A->B->E->D->C,100
818.2039110209589,C->A->B->E->D->C,100
815.2910494698607,C->A->B->E->D->C,100
812.3797367953365,C->A->B->E->D->C,100
809.469977713085,C->D->B->E->A->C,105
806.5617769671671,C->D->B->E->A->C,105
803.6551393302611,C->D->B->E->A->C,105
800.7500696039205,C->D->B->E->A->C,105
797.8465726188342,C->D->B->E->A->C,105
794.9446532350918,C->D->B->E->A->C,105
792.0443163424495,C->D->B->E->A->C,105
789.1455668606018,C->D->B->E->A->C,105
786.2484097394541,C->D->B->E->A->C,105
783.3528499594009,C->D->B->E->A->C,105
780.4588925316053,C->D->B->E->A->C,105
777.5665424982835,C->D->B->E->A->C,105
774.675804932992,C->D->B->E->A->C,105
771.7866849409187,C->D->B->E->A->C,105
768.899187659177,C->D->B->E->A->C,105
766.0133182571043,C->D->B->E->A->C,105
763.129081936564,C->D->B->E->A->C,105
760.246483932251,C->D->B->E->A->C,105
757.3655295120009,C->D->B->E->A->C,105
754.4862239771038,C->D->B->E->A->C,105
751.6085726626216,C->D->B->E->A->C,105
748.7325809377087,B->D->C->E->A->B,101
745.8582542059382,B->D->C->E->A->B,101
742.9855979056309,B->D->C->E->A->B,101
740.114617510189,B->D->C->E->A->B,101
737.2453185284342,B->D->C->E->A->B,101
734.3777065049502,B->D->C->E->A->B,101
731.5117870204292,B->D->C->E->A->B,101
728.647565692023,B->D->C->E->A->B,101
725.7850481736989,B->D->C->E->A->B,101
722.9242401566,B->D->C->E->A->B,101
720.0651473694105,B->D->C->E->A->B,101
717.207775578725,B->D->C->E->A->B,101
714.3521305894235,B->D->C->E->A->B,101
711.4982182450511,B->D->C->E->A->B,101
708.6460444282026,B->D->C->E->A->B,101
705.7956150609118,B->D->C->E->A->B,101
702.946936105047,B->D->C->E->A->B,101
700.1000135627108,B->D->C->E->A->B,101
697.2548534766455,B->D->C->E->A->B,101
694.4114619306442,B->D->C->E->A->B,101
691.5698450499675,B->D->C->E->A->B,101
688.7300090017652,B->D->C->E->A->B,101
685.8919599955043,B->D->C->E->A->B,101
683.0557042834025,B->D->C->E->A->B,101
680.2212481608683,B->D->C->E->A->B,101
677.3885979669457,B->D->C->E->A->B,101
674.5577600847665,B->D->C->E->A->B,101
671.7287409420082,B->D->C->E->A->B,101
668.901547011358,B->D->C->E->A->B,101
666.0761848109837,B->D->C->E->A->B,101
663.2526609050105,B->D->C->E->A->B,101
660.4309819040055,B->D->C->E->A->B,101
657.6111544654682,B->D->C->E->A->B,101
654.7931852943277,B->D->C->E->A->B,101
651.977081143448,B->D->C->E->A->B,101
649.1628488141392,B->D->C->E->A->B,101
646.3504951566769,B->D->C->E->A->B,101
643.540027070828,B->D->C->E->A->B,101
640.7314515063858,A->D->C->E->B->A,66
637.9247754637106,A->D->C->E->B->A,66
635.1200059942796,A->D->C->E->B->A,66
632.3171502012444,B->D->C->E->A->B,101
629.5162152399962,B->D->C->E->A->B,101
626.7172083187397,B->D->C->E->A->B,101
623.9201366990752,B->D->C->E->A->B,101
621.1250076965894,B->D->C->E->A->B,101
618.3318286814542,B->D->C->E->A->B,101
615.540607079036,B->D->C->E->A->B,101
612.7513503705118,B->D->C->E->A->B,101
609.9640660934962,B->D->C->E->A->B,101
607.1787618426772,B->D->C->E->A->B,101
604.3954452704614,B->D->C->E->A->B,101
601.6141240876293,B->D->C->E->A->B,101
598.8348060639996,B->D->C->E->A->B,101
596.0574990291051,B->D->C->E->A->B,101
593.2822108728773,B->D->C->E->A->B,101
590.5089495463426,B->D->C->E->A->B,101
587.7377230623284,B->D->C->E->A->B,101
584.9685394961809,B->D->C->E->A->B,101
582.201406986493,B->D->C->E->A->B,101
579.4363337358441,B->D->C->E->A->B,101
576.6733280115517,B->D->C->E->A->B,101
573.9123981464339,B->D->C->E->A->B,101
571.1535525395848,B->D->C->E->A->B,101
568.3967996571611,B->D->C->E->A->B,101
565.6421480331821,B->D->C->E->A->B,101
562.8896062703419,B->D->C->E->A->B,101
560.1391830408345,B->D->C->E->A->B,101
557.3908870871924,B->D->C->E->A->B,101
554.6447272231381,B->D->C->E->A->B,101
551.9007123344506,B->D->C->E->A->B,101
549.1588513798441,B->D->C->E->A->B,101
546.4191533918624,B->D->C->E->A->B,101
543.6816274777874,B->D->C->E->A->B,101
540.9462828205625,B->D->C->E->A->B,101
538.2131286797311,B->D->C->E->A->B,101
535.482174392391,B->D->C->E->A->B,101
532.753429374164,B->D->C->E->A->B,101
530.0269031201824,B->D->C->E->A->B,101
527.3026052060908,B->D->C->E->A->B,101
524.5805452890664,B->D->C->E->A->B,101
521.8607331088554,B->D->C->E->A->B,101
519.1431784888264,D->B->C->E->A->D,86
516.4278913370433,D->B->C->E->A->D,86
513.7148816473555,D->B->C->E->A->D,86
511.0041595005065,D->B->C->E->A->D,86
508.29573506526265,D->B->C->E->A->D,86
505.5896185995603,D->B->C->E->A->D,86
502.8858204516737,D->B->C->E->A->D,86
500.18435106140254,D->B->C->E->A->D,86
497.48522096128113,D->B->C->E->A->D,86
494.78844077780803,D->B->C->E->A->D,86
492.09402123269786,D->B->C->E->A->D,86
489.4019731441552,D->B->C->E->A->D,86
486.71230742817113,D->B->C->E->A->D,86
484.0250350998431,D->A->C->E->B->D,83
481.3401672747182,D->A->C->E->B->D,83
478.6577151701614,D->A->C->E->B->D,83
475.9776901067475,D->A->C->E->B->D,83
473.3001035096795,D->A->C->E->B->D,83
470.6249669102323,D->A->C->E->B->D,83
467.9522919472229,D->A->C->E->B->D,83
465.28209036850814,D->A->C->E->B->D,83
462.61437403251006,D->A->C->E->B->D,83
459.94915490976933,D->A->C->E->B->D,83
457.28644508452817,D->A->C->E->B->D,83
454.62625675634285,D->A->C->E->B->D,83
451.96860224172667,D->A->C->E->B->D,83
449.3134939758241,D->A->C->E->B->D,83
446.6609445141168,D->A->C->E->B->D,83
444.0109665341624,D->A->C->E->B->D,83
441.3635728373666,D->A->C->E->B->D,83
438.7187763507896,D->A->C->E->B->D,83
436.07659012898773,D->A->C->E->B->D,83
433.43702735589073,D->A->C->E->B->D,83
430.80010134671625,D->A->C->E->B->D,83
428.1658255499215,D->A->C->E->B->D,83
425.53421354919425,D->A->C->E->B->D,83
422.9052790654828,D->A->C->E->B->D,83
420.2790359590668,D->A->C->E->B->D,83
417.65549823166987,A->D->C->E->B->A,66
415.03468002861456,A->D->C->E->B->A,66
412.41659564102105,A->D->C->E->B->A,66
409.8012595080509,A->D->C->E->B->A,66
407.1886862191967,A->D->C->E->B->A,66
404.57889051661857,A->D->C->E->B->A,66
401.9718872975296,A->D->C->E->B->A,66
399.3676916166304,A->D->C->E->B->A,66
396.7663186885949,A->D->C->E->B->A,66
394.16778389060806,A->D->C->E->B->A,66
391.5721027649576,A->D->C->E->B->A,66
388.97929102168047,A->D->C->E->B->A,66
386.3893645412659,A->D->C->E->B->A,66
383.80233937741633,A->D->C->E->B->A,66
381.21823175986833,A->C->D->E->B->A,100
378.6370580972741,A->C->D->E->B->A,100
376.05883498014623,A->C->D->E->B->A,100
373.48357918386665,A->C->D->E->B->A,100
370.91130767176236,A->C->D->E->B->A,100
368.3420375982488,A->C->D->E->B->A,100
365.7757863120436,A->C->D->E->B->A,100
363.2125713594519,A->C->D->E->B->A,100
360.6524104877263,A->C->D->E->B->A,100
358.09532164850225,A->C->D->E->B->A,100
355.5413230013119,A->C->D->E->B->A,100
352.9904329171786,A->C->D->E->B->A,100
350.44266998229386,A->C->D->E->B->A,100
347.8980530017795,A->C->D->E->B->A,100
345.35660100353766,A->C->D->E->B->A,100
342.8183332421907,A->C->D->E->B->A,100
340.28326920311395,A->C->D->E->B->A,100
337.7514286065641,A->C->D->E->B->A,100
335.22283141190593,A->C->D->E->B->A,100
332.69749782194015,A->C->D->E->B->A,100
330.1754482873359,A->C->D->E->B->A,100
327.65670351117035,A->C->D->E->B->A,100
325.1412844535795,A->C->D->E->B->A,100
322.6292123365225,A->C->D->E->B->A,100
320.1205086486643,A->C->D->E->B->A,100
317.6151951503789,A->C->D->E->B->A,100
315.1132938788779,A->C->D->E->B->A,100
312.6148271534683,A->C->D->E->B->A,100
310.1198175809424,A->C->D->E->B->A,100
307.6282880611061,A->C->D->E->B->A,100
305.1402617924475,A->C->D->E->B->A,100
302.65576227795265,A->C->D->E->B->A,100
300.17481333107133,A->C->D->E->B->A,100
297.69743908183904,A->C->D->E->B->A,100
295.22366398315944,A->C->D->E->B->A,100
292.753512817253,A->C->D->E->B->A,100
290.2870107022772,A->C->D->E->B->A,100
287.8241830991239,A->C->D->E->B->A,100
285.36505581840004,A->C->D->E->B->A,100
282.9096550275976,A->C->D->E->B->A,100
280.45800725845925,A->C->D->E->B->A,100
278.01013941454687,A->C->D->E->B->A,100
275.5660787790191,A->C->D->E->B->A,100
273.12585302262596,A->C->D->E->B->A,100
270.68949021192725,A->C->D->E->B->A,100
268.25701881774364,A->C->D->E->B->A,100
265.8284677238477,A->C->D->E->B->A,100
263.4038662359041,A->C->D->E->B->A,100
260.98324409066714,A->C->D->E->B->A,100
258.56663146544594,A->C->D->E->B->A,100
256.1540589878462,A->C->D->E->B->A,100
253.74555774579878,A->C->D->E->B->A,100
251.34115929788587,A->C->D->E->B->A,100
248.94089568397592,A->C->D->E->B->A,100
246.54479943617832,A->C->D->E->B->A,100
244.15290359013045,A->C->D->E->B->A,100
241.7652416966294,A->C->D->E->B->A,100
239.3818478336217,A->C->D->E->B->A,100
237.00275661856458,A->C->D->E->B->A,100
234.6280032211736,A->C->D->E->B->A,100
232.25762337657122,A->C->D->E->B->A,100
229.8916533988526,A->C->D->E->B->A,100
227.53013019508495,A->C->D->E->B->A,100
225.17309127975764,A->C->D->E->B->A,100
222.8205747897016,A->C->D->E->B->A,100
220.4726194994967,A->C->D->E->B->A,100
218.12926483738732,A->C->D->E->B->A,100
215.7905509017271,A->C->D->E->B->A,100
213.45651847797467,A->C->D->E->B->A,100
211.12720905626367,A->C->D->E->B->A,100
208.80266484957127,A->C->D->E->B->A,100
206.48292881251078,A->C->D->E->B->A,100
204.168044660775,A->C->D->E->B->A,100
201.85805689125866,A->C->D->E->B->A,100
199.55301080288967,A->C->D->E->B->A,100
197.25295251820026,A->C->D->E->B->A,100
194.95792900567108,A->C->D->E->B->A,100
192.66798810288273,A->C->D->E->B->A,100
190.3831785405115,A->C->D->E->B->A,100
188.10354996720758,A->C->D->E->B->A,100
185.8291529753966,A->C->D->E->B->A,100
183.56003912804704,A->B->D->E->C->A,113
181.29626098644928,A->B->D->E->C->A,113
179.03787213905372,A->B->D->E->C->A,113
176.78492723141858,A->B->D->E->C->A,113
174.53748199732112,A->B->D->E->C->A,113
172.29559329108835,A->B->D->E->C->A,113
170.05931912120758,A->B->D->E->C->A,113
167.8287186852798,A->B->D->E->C->A,113
165.60385240638334,A->B->D->E->C->A,113
163.38478197091894,A->B->D->E->C->A,113
161.17157036801163,A->B->D->E->C->A,113
158.9642819305499,A->B->D->E->C->A,113
156.76298237794686,A->B->D->E->C->A,113
154.56773886071437,A->B->D->E->C->A,113
152.37862000694597,A->B->D->E->C->A,113
150.19569597081096,A->B->D->E->C->A,113
148.01903848316883,A->B->D->E->C->A,113
145.84872090441968,A->B->D->E->C->A,113
143.68481827971468,A->B->D->E->C->A,113
141.5274073966581,A->B->D->E->C->A,113
139.37656684564206,A->B->D->E->C->A,113
137.23237708296398,A->B->D->E->C->A,113
135.09492049688757,A->B->D->E->C->A,113
132.96428147681922,A->B->D->E->C->A,113
130.84054648578368,A->B->D->E->C->A,113
128.72380413639567,A->B->D->E->C->A,113
126.61414527053907,A->B->D->E->C->A,113
124.51166304297962,A->B->D->E->C->A,113
122.41645300915452,B->A->D->E->C->B,81
120.32861321739985,B->A->D->E->C->B,81
118.24824430589676,B->A->D->E->C->B,81
116.17544960463847,B->A->D->E->C->B,81
114.11033524274356,B->A->D->E->C->B,81
112.0530102614663,B->A->D->E->C->B,81
110.00358673328256,B->A->D->E->C->B,81
107.96217988746,B->A->D->E->C->B,81
105.92890824255424,B->A->D->E->C->B,81
103.90389374630922,B->A->D->E->C->B,81
101.88726192347919,B->A->D->E->C->B,81
99.87914203213363,B->A->D->E->C->B,81
99.77914203213363,B->A->D->E->C->B,81
99.67914203213364,B->A->D->E->C->B,81
99.57914203213365,B->A->D->E->C->B,81
99.47914203213365,B->A->D->E->C->B,81
99.37914203213366,B->A->C->E->D->B,113
99.27914203213366,B->A->C->E->D->B,113
99.17914203213367,B->A->C->E->D->B,113
99.07914203213367,B->A->C->E->D->B,113
98.97914203213368,B->A->C->E->D->B,113
98.87914203213369,B->A->C->E->D->B,113
98.77914203213369,B->A->C->E->D->B,113
98.6791420321337,B->A->C->E->D->B,113
98.5791420321337,B->A->C->E->D->B,113
98.47914203213371,B->A->C->E->D->B,113
98.37914203213371,B->A->C->E->D->B,113
98.27914203213372,B->A->C->E->D->B,113
98.17914203213373,B->A->C->E->D->B,113
98.07914203213373,B->A->C->E->D->B,113
97.97914203213374,B->A->C->E->D->B,113
97.87914203213374,B->A->C->E->D->B,113
97.77914203213375,B->A->C->E->D->B,113
97.67914203213375,B->A->C->E->D->B,113
97.57914203213376,B->A->C->E->D->B,113
97.47914203213377,B->A->C->E->D->B,113
97.37914203213377,B->A->C->E->D->B,113
97.27914203213378,B->A->C->E->D->B,113
97.17914203213378,B->A->C->E->D->B,113
97.07914203213379,B->A->C->E->D->B,113
96.9791420321338,B->A->C->E->D->B,113
96.8791420321338,B->A->C->E->D->B,113
96.7791420321338,B->A->C->E->D->B,113
96.67914203213381,B->A->C->E->D->B,113
96.57914203213382,B->A->C->E->D->B,113
96.47914203213382,B->A->C->E->D->B,113
96.37914203213383,B->A->C->E->D->B,113
96.27914203213383,B->A->C->E->D->B,113
96.17914203213384,B->A->C->E->D->B,113
96.07914203213384,B->A->C->E->D->B,113
95.97914203213385,B->A->C->E->D->B,113
95.87914203213386,B->A->C->E->D->B,113
95.77914203213386,B->A->C->E->D->B,113
95.67914203213387,B->A->C->E->D->B,113
95.57914203213387,B->A->C->E->D->B,113
95.47914203213388,B->A->C->E->D->B,113
95.37914203213388,B->A->C->E->D->B,113
95.27914203213389,B->A->C->E->D->B,113
95.1791420321339,B->A->C->E->D->B,113
95.0791420321339,B->A->C->E->D->B,113
94.97914203213391,B->A->C->E->D->B,113
94.87914203213391,B->A->C->E->D->B,113
94.77914203213392,B->A->C->E->D->B,113
94.67914203213392,B->A->C->E->D->B,113
94.57914203213393,B->A->C->E->D->B,113
94.47914203213394,B->A->C->E->D->B,113
94.37914203213394,B->A->C->E->D->B,113
94.27914203213395,B->A->C->E->D->B,113
94.17914203213395,B->A->C->E->D->B,113
94.07914203213396,B->A->C->E->D->B,113
93.97914203213396,B->A->C->E->D->B,113
93.87914203213397,B->A->C->E->D->B,113
93.77914203213398,B->A->C->E->D->B,113
93.67914203213398,B->A->C->E->D->B,113
93.57914203213399,B->A->C->E->D->B,113
93.47914203213399,B->A->C->E->D->B,113
93.379142032134,B->A->C->E->D->B,113
93.279142032134,B->A->C->E->D->B,113
93.17914203213401,B->A->C->E->D->B,113
93.07914203213402,B->A->C->E->D->B,113
92.97914203213402,B->A->C->E->D->B,113
92.87914203213403,B->A->C->E->D->B,113
92.77914203213403,B->A->C->E->D->B,113
92.67914203213404,B->A->C->E->D->B,113
92.57914203213404,B->A->C->E->D->B,113
92.47914203213405,B->A->C->E->D->B,113
92.37914203213406,B->A->C->E->D->B,113
92.27914203213406,B->A->C->E->D->B,113
92.17914203213407,B->A->C->E->D->B,113
92.07914203213407,B->A->C->E->D->B,113
91.97914203213408,B->A->C->E->D->B,113
91.87914203213408,B->A->C->E->D->B,113
91.77914203213409,B->A->C->E->D->B,113
91.6791420321341,B->A->C->E->D->B,113
91.5791420321341,B->A->C->E->D->B,113
91.4791420321341,B->A->C->E->D->B,113
91.37914203213411,B->A->C->E->D->B,113
91.27914203213412,B->A->C->E->D->B,113
91.17914203213412,B->A->C->E->D->B,113
91.07914203213413,B->A->C->E->D->B,113
90.97914203213413,B->A->C->E->D->B,113
90.87914203213414,B->A->C->E->D->B,113
90.77914203213415,B->A->C->E->D->B,113
90.67914203213415,B->A->C->E->D->B,113
90.57914203213416,B->A->C->E->D->B,113
90.47914203213416,B->A->C->E->D->B,113
90.37914203213417,B->A->C->E->D->B,113
90.27914203213417,B->A->C->E->D->B,113
90.17914203213418,B->A->C->E->D->B,113
90.07914203213419,B->A->C->E->D->B,113
89.97914203213419,B->A->C->E->D->B,113
89.8791420321342,B->A->C->E->D->B,113
89.7791420321342,B->A->C->E->D->B,113
89.67914203213421,B->A->C->E->D->B,113
89.57914203213421,B->A->C->E->D->B,113
89.47914203213422,B->A->C->E->D->B,113
89.37914203213423,B->A->C->E->D->B,113
89.27914203213423,B->A->C->E->D->B,113
89.17914203213424,B->A->C->E->D->B,113
89.07914203213424,B->A->C->E->D->B,113
88.97914203213425,B->A->C->E->D->B,113
88.87914203213425,B->A->C->E->D->B,113
88.77914203213426,B->A->C->E->D->B,113
88.67914203213427,B->A->C->E->D->B,113
88.57914203213427,B->A->C->E->D->B,113
88.47914203213428,B->A->C->E->D->B,113
88.37914203213428,B->A->C->E->D->B,113
88.27914203213429,B->A->C->E->D->B,113
88.1791420321343,B->A->C->E->D->B,113
88.0791420321343,B->A->C->E->D->B,113
87.9791420321343,B->A->C->E->D->B,113
87.87914203213431,B->A->C->E->D->B,113
87.77914203213432,B->A->C->E->D->B,113
87.67914203213432,B->A->C->E->D->B,113
87.57914203213433,B->A->C->E->D->B,113
87.47914203213433,B->A->C->E->D->B,113
87.37914203213434,B->A->C->E->D->B,113
87.27914203213435,B->A->C->E->D->B,113
87.17914203213435,B->A->D->E->C->B,81
87.07914203213436,B->A->D->E->C->B,81
86.97914203213436,B->A->D->E->C->B,81
86.87914203213437,B->A->D->E->C->B,81
86.77914203213437,B->A->D->E->C->B,81
86.67914203213438,B->A->D->E->C->B,81
86.57914203213438,B->A->D->E->C->B,81
86.47914203213439,B->A->D->E->C->B,81
86.3791420321344,B->A->D->E->C->B,81
86.2791420321344,B->A->D->E->C->B,81
86.17914203213441,B->A->D->E->C->B,81
86.07914203213441,B->A->D->E->C->B,81
85.97914203213442,E->A->D->B->C->E,86
85.87914203213442,E->A->D->B->C->E,86
85.77914203213443,E->A->D->B->C->E,86
85.67914203213444,E->A->D->B->C->E,86
85.57914203213444,E->A->D->B->C->E,86
85.47914203213445,E->A->D->B->C->E,86
85.37914203213445,E->A->D->B->C->E,86
85.27914203213446,E->A->D->B->C->E,86
85.17914203213446,E->A->D->B->C->E,86
85.07914203213447,E->A->D->B->C->E,86
84.97914203213448,E->A->D->B->C->E,86
84.87914203213448,E->A->D->B->C->E,86
84.77914203213449,E->A->D->B->C->E,86
84.6791420321345,E->A->D->B->C->E,86
84.5791420321345,E->A->D->B->C->E,86
84.4791420321345,E->A->D->B->C->E,86
84.37914203213451,E->A->D->B->C->E,86
84.27914203213452,E->A->D->B->C->E,86
84.17914203213452,E->A->D->B->C->E,86
84.07914203213453,E->A->D->B->C->E,86
83.97914203213453,E->A->D->B->C->E,86
83.87914203213454,E->A->D->B->C->E,86
83.77914203213454,E->A->D->B->C->E,86
83.67914203213455,E->A->D->B->C->E,86
83.57914203213456,E->A->D->B->C->E,86
83.47914203213456,E->A->D->B->C->E,86
83.37914203213457,E->A->D->B->C->E,86
83.27914203213457,E->A->D->B->C->E,86
83.17914203213458,E->A->D->B->C->E,86
83.07914203213458,E->B->D->A->C->E,83
82.97914203213459,E->B->D->A->C->E,83
82.8791420321346,E->B->D->A->C->E,83
82.7791420321346,E->B->D->A->C->E,83
82.6791420321346,E->B->D->A->C->E,83
82.57914203213461,E->B->D->A->C->E,83
82.47914203213462,E->B->D->A->C->E,83
82.37914203213462,E->B->D->A->C->E,83
82.27914203213463,E->B->D->A->C->E,83
82.17914203213464,B->E->D->A->C->B,85
82.07914203213464,B->E->D->A->C->B,85
81.97914203213465,B->E->D->A->C->B,85
81.87914203213465,B->E->D->A->C->B,85
81.77914203213466,B->E->D->A->C->B,85
81.67914203213466,A->E->D->B->C->A,120
81.57914203213467,A->E->D->B->C->A,120
81.47914203213467,A->E->D->B->C->A,120
81.37914203213468,A->E->D->B->C->A,120
81.27914203213469,A->E->D->B->C->A,120
81.17914203213469,A->E->D->B->C->A,120
81.0791420321347,A->E->D->B->C->A,120
80.9791420321347,A->E->D->B->C->A,120
80.87914203213471,A->E->D->B->C->A,120
80.77914203213471,A->E->D->B->C->A,120
80.67914203213472,A->E->D->B->C->A,120
80.57914203213473,A->E->D->B->C->A,120
80.47914203213473,A->E->D->B->C->A,120
80.37914203213474,A->E->D->B->C->A,120
80.27914203213474,A->E->D->B->C->A,120
80.17914203213475,A->E->D->B->C->A,120
80.07914203213475,A->E->D->B->C->A,120
79.97914203213476,A->E->D->B->C->A,120
79.87914203213477,A->E->D->B->C->A,120
79.77914203213477,A->E->D->B->C->A,120
79.67914203213478,A->E->D->B->C->A,120
79.57914203213478,A->E->D->B->C->A,120
79.47914203213479,A->E->D->B->C->A,120
79.3791420321348,A->E->D->B->C->A,120
79.2791420321348,A->E->D->B->C->A,120
79.1791420321348,A->E->D->B->C->A,120
79.07914203213481,A->E->D->B->C->A,120
78.97914203213482,A->E->D->B->C->A,120
78.87914203213482,A->E->D->B->C->A,120
78.77914203213483,A->E->D->B->C->A,120
78.67914203213483,A->E->D->B->C->A,120
78.57914203213484,A->E->D->B->C->A,120
78.47914203213485,A->E->D->B->C->A,120
78.37914203213485,A->E->D->B->C->A,120
78.27914203213486,A->E->D->B->C->A,120
78.17914203213486,A->E->D->B->C->A,120
78.07914203213487,A->E->D->B->C->A,120
77.97914203213487,A->E->D->B->C->A,120
77.87914203213488,A->E->D->B->C->A,120
77.77914203213489,A->E->D->B->C->A,120
77.67914203213489,A->E->D->B->C->A,120
77.5791420321349,A->E->D->B->C->A,120
77.4791420321349,A->E->D->B->C->A,120
77.37914203213491,A->E->D->B->C->A,120
77.27914203213491,A->E->D->B->C->A,120
77.17914203213492,A->E->D->B->C->A,120
77.07914203213492,A->E->D->B->C->A,120
76.97914203213493,D->E->A->B->C->D,103
76.87914203213494,D->E->A->B->C->D,103
76.77914203213494,D->E->A->B->C->D,103
76.67914203213495,D->E->A->B->C->D,103
76.57914203213495,D->E->A->B->C->D,103
76.47914203213496,D->E->A->B->C->D,103
76.37914203213496,D->E->A->B->C->D,103
76.27914203213497,D->E->A->B->C->D,103
76.17914203213498,D->E->A->B->C->D,103
76.07914203213498,D->E->A->B->C->D,103
75.97914203213499,D->E->A->B->C->D,103
75.879142032135,D->E->A->B->C->D,103
75.779142032135,D->E->A->B->C->D,103
75.679142032135,D->E->A->B->C->D,103
75.57914203213501,D->E->A->B->C->D,103
75.47914203213502,D->E->A->B->C->D,103
75.37914203213502,D->E->A->B->C->D,103
75.27914203213503,D->E->A->B->C->D,103
75.17914203213503,D->E->A->B->C->D,103
75.07914203213504,D->E->A->B->C->D,103
74.97914203213504,D->E->A->B->C->D,103
74.87914203213505,D->E->A->B->C->D,103
74.77914203213506,D->E->A->B->C->D,103
74.67914203213506,D->E->A->B->C->D,103
74.57914203213507,D->E->A->B->C->D,103
74.47914203213507,D->E->A->B->C->D,103
74.37914203213508,D->E->A->B->C->D,103
74.27914203213508,D->E->A->B->C->D,103
74.17914203213509,D->B->A->E->C->D,101
74.0791420321351,D->B->A->E->C->D,101
73.9791420321351,D->B->A->E->C->D,101
73.8791420321351,D->B->A->E->C->D,101
73.77914203213511,D->B->A->E->C->D,101
73.67914203213512,D->B->A->E->C->D,101
73.57914203213512,D->B->A->E->C->D,101
73.47914203213513,D->B->A->E->C->D,101
73.37914203213514,D->B->A->E->C->D,101
73.27914203213514,D->B->A->E->C->D,101
73.17914203213515,E->B->A->D->C->E,66
73.07914203213515,E->B->A->D->C->E,66
72.97914203213516,E->B->A->D->C->E,66
72.87914203213516,E->B->A->D->C->E,66
72.77914203213517,E->B->A->D->C->E,66
72.67914203213518,E->B->A->D->C->E,66
72.57914203213518,E->B->A->D->C->E,66
72.47914203213519,E->B->A->D->C->E,66
72.37914203213519,E->B->A->D->C->E,66
72.2791420321352,E->B->A->D->C->E,66
72.1791420321352,E->B->A->D->C->E,66
72.07914203213521,E->B->A->D->C->E,66
71.97914203213521,E->B->A->D->C->E,66
71.87914203213522,E->B->A->D->C->E,66
71.77914203213523,E->B->A->D->C->E,66
71.67914203213523,E->B->A->D->C->E,66
71.57914203213524,E->B->A->D->C->E,66
71.47914203213524,E->B->A->D->C->E,66
71.37914203213525,E->B->A->D->C->E,66
71.27914203213525,E->B->A->D->C->E,66
71.17914203213526,E->B->A->D->C->E,66
71.07914203213527,E->B->A->D->C->E,66
70.97914203213527,E->D->A->B->C->E,81
70.87914203213528,E->D->A->B->C->E,81
70.77914203213528,E->D->A->B->C->E,81
70.67914203213529,E->D->A->B->C->E,81
70.5791420321353,E->D->A->B->C->E,81
70.4791420321353,E->D->A->B->C->E,81
70.3791420321353,E->D->A->B->C->E,81
70.27914203213531,E->D->A->B->C->E,81
70.17914203213532,E->D->A->B->C->E,81
70.07914203213532,E->D->A->B->C->E,81
69.97914203213533,E->D->A->B->C->E,81
69.87914203213533,E->D->A->B->C->E,81
69.77914203213534,E->D->A->B->C->E,81
69.67914203213535,E->D->A->B->C->E,81
69.57914203213535,E->D->A->B->C->E,81
69.47914203213536,E->D->A->B->C->E,81
69.37914203213536,E->D->A->B->C->E,81
69.27914203213537,E->D->A->B->C->E,81
69.17914203213537,E->D->A->B->C->E,81
69.07914203213538,E->D->A->B->C->E,81
68.97914203213539,E->D->A->B->C->E,81
68.87914203213539,E->D->A->B->C->E,81
68.7791420321354,E->D->A->B->C->E,81
68.6791420321354,E->D->A->B->C->E,81
68.57914203213541,E->D->A->B->C->E,81
68.47914203213541,E->D->A->B->C->E,81
68.37914203213542,E->D->A->B->C->E,81
68.27914203213543,E->D->A->B->C->E,81
68.17914203213543,E->D->A->B->C->E,81
68.07914203213544,E->D->A->B->C->E,81
67.97914203213544,E->D->A->B->C->E,81
67.87914203213545,E->D->A->B->C->E,81
67.77914203213545,E->D->A->B->C->E,81
67.67914203213546,E->D->A->B->C->E,81
67.57914203213547,E->D->A->B->C->E,81
67.47914203213547,E->D->A->B->C->E,81
67.37914203213548,E->D->A->B->C->E,81
67.27914203213548,E->D->A->B->C->E,81
67.17914203213549,E->D->A->B->C->E,81
67.0791420321355,E->D->A->B->C->E,81
66.9791420321355,E->D->A->B->C->E,81
66.8791420321355,E->D->A->B->C->E,81
66.77914203213551,E->D->A->B->C->E,81
66.67914203213552,E->D->A->B->C->E,81
66.57914203213552,E->D->A->B->C->E,81
66.47914203213553,E->D->A->B->C->E,81
66.37914203213553,E->D->A->B->C->E,81
66.27914203213554,E->D->A->B->C->E,81
66.17914203213554,E->D->A->B->C->E,81
66.07914203213555,E->D->A->B->C->E,81
65.97914203213556,E->D->A->B->C->E,81
65.87914203213556,E->D->A->B->C->E,81
65.77914203213557,E->D->A->B->C->E,81
65.67914203213557,E->D->A->B->C->E,81
65.57914203213558,E->D->A->B->C->E,81
65.47914203213558,E->D->A->B->C->E,81
65.37914203213559,E->D->A->B->C->E,81
65.2791420321356,E->D->A->B->C->E,81
65.1791420321356,E->D->A->B->C->E,81
65.07914203213561,E->D->A->B->C->E,81
64.97914203213561,E->D->A->B->C->E,81
64.87914203213562,E->D->A->B->C->E,81
64.77914203213562,E->D->A->B->C->E,81
64.67914203213563,E->D->A->B->C->E,81
64.57914203213564,E->D->A->B->C->E,81
64.47914203213564,E->D->A->B->C->E,81
64.37914203213565,E->D->A->B->C->E,81
64.27914203213565,E->D->A->B->C->E,81
64.17914203213566,E->D->A->B->C->E,81
64.07914203213566,E->D->A->B->C->E,81
63.97914203213566,E->D->A->B->C->E,81
63.87914203213566,E->D->A->B->C->E,81
63.77914203213566,E->D->A->B->C->E,81
63.67914203213566,E->D->A->B->C->E,81
63.57914203213566,E->D->A->B->C->E,81
63.479142032135655,E->D->A->B->C->E,81
63.379142032135654,E->D->A->B->C->E,81
63.27914203213565,E->B->A->D->C->E,66
63.17914203213565,E->B->A->D->C->E,66
63.07914203213565,E->B->A->D->C->E,66
62.97914203213565,E->B->A->D->C->E,66
62.87914203213565,E->B->A->D->C->E,66
62.779142032135645,E->B->A->D->C->E,66
62.679142032135644,E->B->A->D->C->E,66
62.57914203213564,E->B->A->D->C->E,66
62.47914203213564,E->B->A->D->C->E,66
62.37914203213564,E->B->A->D->C->E,66
62.27914203213564,E->B->A->D->C->E,66
62.17914203213564,E->B->A->D->C->E,66
62.079142032135636,E->B->A->D->C->E,66
61.979142032135634,E->B->A->D->C->E,66
61.87914203213563,E->B->A->D->C->E,66
61.77914203213563,E->B->A->D->C->E,66
61.67914203213563,E->B->A->D->C->E,66
61.57914203213563,E->B->A->D->C->E,66
61.47914203213563,E->B->A->D->C->E,66
61.379142032135626,E->B->A->D->C->E,66
61.279142032135624,E->B->A->D->C->E,66
61.17914203213562,E->B->A->D->C->E,66
61.07914203213562,E->B->A->D->C->E,66
60.97914203213562,E->B->A->D->C->E,66
60.87914203213562,E->B->A->D->C->E,66
60.77914203213562,E->B->A->D->C->E,66
60.679142032135616,E->B->A->D->C->E,66
60.579142032135614,E->B->A->D->C->E,66
60.47914203213561,E->B->A->D->C->E,66
60.37914203213561,E->B->A->D->C->E,66
60.27914203213561,E->B->A->D->C->E,66
60.17914203213561,E->B->A->D->C->E,66
60.07914203213561,E->B->A->D->C->E,66
59.979142032135606,E->B->A->D->C->E,66
59.879142032135604,E->B->A->D->C->E,66
59.7791420321356,E->B->A->D->C->E,66
59.6791420321356,E->B->C->D->A->E,73
59.5791420321356,E->B->C->D->A->E,73
59.4791420321356,E->B->C->D->A->E,73
59.3791420321356,E->B->C->D->A->E,73
59.279142032135596,E->B->C->D->A->E,73
59.179142032135594,E->B->C->D->A->E,73
59.07914203213559,E->B->C->D->A->E,73
58.97914203213559,E->B->C->D->A->E,73
58.87914203213559,E->B->C->D->A->E,73
58.77914203213559,E->B->C->D->A->E,73
58.67914203213559,E->A->C->D->B->E,105
58.579142032135586,E->A->C->D->B->E,105
58.479142032135584,E->A->C->D->B->E,105
58.37914203213558,E->A->C->D->B->E,105
58.27914203213558,E->A->C->D->B->E,105
58.17914203213558,E->A->C->D->B->E,105
58.07914203213558,E->A->C->D->B->E,105
57.97914203213558,E->A->C->D->B->E,105
57.879142032135576,E->A->C->D->B->E,105
57.779142032135574,E->A->C->D->B->E,105
57.67914203213557,E->C->A->D->B->E,83
57.57914203213557,E->C->A->D->B->E,83
57.47914203213557,E->C->A->D->B->E,83
57.37914203213557,E->C->A->D->B->E,83
57.27914203213557,E->C->A->D->B->E,83
57.179142032135566,E->C->A->D->B->E,83
57.079142032135564,E->C->A->D->B->E,83
56.97914203213556,E->C->A->D->B->E,83
56.87914203213556,E->C->A->D->B->E,83
56.77914203213556,E->C->A->D->B->E,83
56.67914203213556,E->C->A->D->B->E,83
56.57914203213556,E->C->A->D->B->E,83
56.479142032135556,E->C->A->D->B->E,83
56.379142032135555,E->C->A->D->B->E,83
56.27914203213555,D->C->A->E->B->D,105
56.17914203213555,D->C->A->E->B->D,105
56.07914203213555,D->C->A->E->B->D,105
55.97914203213555,D->C->A->E->B->D,105
55.87914203213555,D->C->A->E->B->D,105
55.779142032135546,D->C->A->E->B->D,105
55.679142032135545,D->C->A->E->B->D,105
55.57914203213554,D->C->A->E->B->D,105
55.47914203213554,D->C->A->E->B->D,105
55.37914203213554,D->C->A->E->B->D,105
55.27914203213554,D->C->A->E->B->D,105
55.17914203213554,D->C->A->E->B->D,105
55.079142032135536,D->C->A->E->B->D,105
54.979142032135535,D->C->A->E->B->D,105
54.87914203213553,D->C->A->E->B->D,105
54.77914203213553,D->C->A->E->B->D,105
54.67914203213553,D->C->A->E->B->D,105
54.57914203213553,D->C->A->E->B->D,105
54.47914203213553,D->C->A->E->B->D,105
54.379142032135526,D->C->A->E->B->D,105
54.279142032135525,D->C->A->E->B->D,105
54.17914203213552,D->C->A->E->B->D,105
54.07914203213552,D->C->A->E->B->D,105
53.97914203213552,D->C->A->E->B->D,105
53.87914203213552,D->C->A->E->B->D,105
53.77914203213552,D->C->A->E->B->D,105
53.679142032135516,D->C->A->E->B->D,105
53.579142032135515,D->C->A->E->B->D,105
53.47914203213551,D->C->A->E->B->D,105
53.37914203213551,D->C->A->E->B->D,105
53.27914203213551,D->C->A->E->B->D,105
53.17914203213551,D->C->A->E->B->D,105
53.07914203213551,D->C->A->E->B->D,105
52.979142032135506,D->C->A->E->B->D,105
52.879142032135505,D->C->A->E->B->D,105
52.7791420321355,D->C->A->E->B->D,105
52.6791420321355,D->C->A->E->B->D,105
52.5791420321355,D->C->A->E->B->D,105
52.4791420321355,D->C->A->E->B->D,105
52.3791420321355,D->C->A->E->B->D,105
52.279142032135496,D->C->A->E->B->D,105
52.179142032135495,D->C->A->E->B->D,105
52.07914203213549,D->C->A->E->B->D,105
51.97914203213549,D->C->A->E->B->D,105
51.87914203213549,D->C->A->E->B->D,105
51.77914203213549,D->C->A->E->B->D,105
51.67914203213549,D->C->A->E->B->D,105
51.579142032135486,D->C->A->E->B->D,105
51.479142032135485,D->C->A->E->B->D,105
51.37914203213548,D->C->A->E->B->D,105
51.27914203213548,D->C->A->E->B->D,105
51.17914203213548,D->C->A->E->B->D,105
51.07914203213548,D->C->A->E->B->D,105
50.97914203213548,D->C->A->E->B->D,105
50.879142032135476,D->C->A->E->B->D,105
50.779142032135475,D->C->A->E->B->D,105
50.67914203213547,D->C->A->E->B->D,105
50.57914203213547,D->C->A->E->B->D,105
50.47914203213547,D->C->A->E->B->D,105
50.37914203213547,D->C->A->E->B->D,105
50.27914203213547,D->C->A->E->B->D,105
50.179142032135466,D->C->A->E->B->D,105
50.079142032135465,D->C->A->E->B->D,105
49.979142032135464,D->C->A->E->B->D,105
49.87914203213546,D->C->A->E->B->D,105
49.77914203213546,D->C->A->E->B->D,105
49.67914203213546,D->C->A->E->B->D,105
49.57914203213546,D->C->A->E->B->D,105
49.47914203213546,D->C->A->E->B->D,105
49.379142032135455,D->C->A->E->B->D,105
49.279142032135454,D->C->A->E->B->D,105
49.17914203213545,D->C->A->E->B->D,105
49.07914203213545,D->C->A->E->B->D,105
48.97914203213545,D->C->A->E->B->D,105
48.87914203213545,D->C->A->E->B->D,105
48.77914203213545,D->C->A->E->B->D,105
48.679142032135445,D->C->A->E->B->D,105
48.579142032135444,D->C->A->E->B->D,105
48.47914203213544,D->C->A->E->B->D,105
48.37914203213544,D->C->A->E->B->D,105
48.27914203213544,D->C->A->E->B->D,105
48.17914203213544,D->C->A->E->B->D,105
48.07914203213544,D->C->A->E->B->D,105
47.979142032135435,D->C->A->E->B->D,105
47.879142032135434,D->C->A->E->B->D,105
47.77914203213543,D->C->A->E->B->D,105
47.67914203213543,D->C->A->E->B->D,105
47.57914203213543,D->C->A->E->B->D,105
47.47914203213543,D->C->A->E->B->D,105
47.37914203213543,D->C->A->E->B->D,105
47.279142032135425,D->C->A->E->B->D,105
47.179142032135424,D->C->A->E->B->D,105
47.07914203213542,D->C->A->E->B->D,105
46.97914203213542,D->C->A->E->B->D,105
46.87914203213542,D->C->A->E->B->D,105
46.77914203213542,D->C->A->E->B->D,105
46.67914203213542,D->C->A->E->B->D,105
46.579142032135415,D->C->A->E->B->D,105
46.479142032135414,D->C->A->E->B->D,105
46.37914203213541,D->C->A->E->B->D,105
46.27914203213541,D->C->A->E->B->D,105
46.17914203213541,D->C->A->E->B->D,105
46.07914203213541,D->C->A->E->B->D,105
45.97914203213541,D->C->A->E->B->D,105
45.879142032135405,D->C->A->E->B->D,105
45.779142032135404,D->C->A->E->B->D,105
45.6791420321354,D->C->A->E->B->D,105
45.5791420321354,D->C->A->E->B->D,105
45.4791420321354,D->C->A->E->B->D,105
45.3791420321354,D->C->A->E->B->D,105
45.2791420321354,D->C->A->E->B->D,105
45.179142032135395,D->C->A->E->B->D,105
45.079142032135394,D->C->A->E->B->D,105
44.97914203213539,D->C->A->E->B->D,105
44.87914203213539,D->C->A->E->B->D,105
44.77914203213539,D->C->A->E->B->D,105
44.67914203213539,D->C->A->E->B->D,105
44.57914203213539,D->C->A->E->B->D,105
44.479142032135385,D->C->A->E->B->D,105
44.379142032135384,D->C->A->E->B->D,105
44.27914203213538,D->C->A->E->B->D,105
44.17914203213538,D->C->A->E->B->D,105
44.07914203213538,D->C->A->E->B->D,105
43.97914203213538,D->C->A->E->B->D,105
43.87914203213538,D->C->A->E->B->D,105
43.779142032135375,D->C->A->E->B->D,105
43.679142032135374,D->C->A->E->B->D,105
43.57914203213537,D->C->A->E->B->D,105
43.47914203213537,D->C->A->E->B->D,105
43.37914203213537,D->C->A->E->B->D,105
43.27914203213537,D->C->A->E->B->D,105
43.17914203213537,D->C->A->E->B->D,105
43.079142032135366,D->C->A->E->B->D,105
42.979142032135364,D->C->A->E->B->D,105
42.87914203213536,D->C->A->E->B->D,105
42.77914203213536,D->C->A->E->B->D,105
42.67914203213536,D->C->A->E->B->D,105
42.57914203213536,D->C->A->E->B->D,105
42.47914203213536,D->C->A->E->B->D,105
42.379142032135356,D->C->A->E->B->D,105
42.279142032135354,C->D->A->E->B->C,73
42.17914203213535,C->D->A->E->B->C,73
42.07914203213535,C->D->A->E->B->C,73
41.97914203213535,C->D->A->E->B->C,73
41.87914203213535,C->D->A->E->B->C,73
41.77914203213535,C->D->A->E->B->C,73
41.679142032135346,C->D->A->E->B->C,73
41.579142032135344,C->D->A->E->B->C,73
41.47914203213534,C->D->A->E->B->C,73
41.37914203213534,C->D->A->E->B->C,73
41.27914203213534,C->D->A->E->B->C,73
41.17914203213534,C->D->A->E->B->C,73
41.07914203213534,C->D->A->E->B->C,73
40.979142032135336,C->D->A->E->B->C,73
40.879142032135334,C->D->A->E->B->C,73
40.77914203213533,C->D->A->E->B->C,73
40.67914203213533,C->D->A->E->B->C,73
40.57914203213533,C->D->A->E->B->C,73
40.47914203213533,C->D->A->E->B->C,73
40.37914203213533,C->D->A->E->B->C,73
40.279142032135326,C->D->A->E->B->C,73
40.179142032135324,C->D->A->E->B->C,73
40.07914203213532,C->D->A->E->B->C,73
39.97914203213532,C->D->A->E->B->C,73
39.87914203213532,C->D->A->E->B->C,73
39.77914203213532,C->D->A->E->B->C,73
39.67914203213532,C->D->A->E->B->C,73
39.579142032135316,C->D->A->E->B->C,73
39.479142032135314,C->D->A->E->B->C,73
39.37914203213531,C->D->A->E->B->C,73
39.27914203213531,C->D->A->E->B->C,73
39.17914203213531,C->D->A->E->B->C,73
39.07914203213531,C->D->A->E->B->C,73
38.97914203213531,C->D->A->E->B->C,73
38.879142032135306,C->D->A->E->B->C,73
38.779142032135304,C->D->A->E->B->C,73
38.6791420321353,C->D->A->E->B->C,73
38.5791420321353,C->D->A->E->B->C,73
38.4791420321353,C->D->A->E->B->C,73
38.3791420321353,C->D->A->E->B->C,73
38.2791420321353,C->D->A->E->B->C,73
38.179142032135296,C->D->A->E->B->C,73
38.079142032135294,C->D->A->E->B->C,73
37.97914203213529,C->D->A->E->B->C,73
37.87914203213529,C->D->A->E->B->C,73
37.77914203213529,C->D->A->E->B->C,73
37.67914203213529,C->D->A->E->B->C,73
37.57914203213529,C->D->A->E->B->C,73
37.479142032135286,C->D->A->E->B->C,73
37.379142032135285,C->D->A->E->B->C,73
37.27914203213528,C->D->A->E->B->C,73
37.17914203213528,C->D->A->E->B->C,73
37.07914203213528,C->D->A->E->B->C,73
36.97914203213528,C->D->A->E->B->C,73
36.87914203213528,C->D->A->E->B->C,73
36.779142032135276,C->D->A->E->B->C,73
36.679142032135275,C->D->A->E->B->C,73
36.57914203213527,C->D->A->E->B->C,73
36.47914203213527,C->D->A->E->B->C,73
36.37914203213527,C->D->A->E->B->C,73
36.27914203213527,C->D->A->E->B->C,73
36.17914203213527,C->D->A->E->B->C,73
36.079142032135266,C->D->A->E->B->C,73
35.979142032135265,C->D->A->E->B->C,73
35.87914203213526,C->D->A->E->B->C,73
35.77914203213526,C->D->A->E->B->C,73
35.67914203213526,C->D->A->E->B->C,73
35.57914203213526,C->D->A->E->B->C,73
35.47914203213526,C->D->A->E->B->C,73
35.379142032135256,C->D->A->E->B->C,73
35.279142032135255,C->D->A->E->B->C,73
35.17914203213525,C->D->A->B->E->C,66
35.07914203213525,C->D->A->B->E->C,66
34.97914203213525,C->D->A->B->E->C,66
34.87914203213525,C->D->A->B->E->C,66
34.77914203213525,C->D->A->B->E->C,66
34.679142032135246,C->D->A->B->E->C,66
34.579142032135245,C->D->A->B->E->C,66
34.47914203213524,C->D->A->B->E->C,66
34.37914203213524,C->D->A->B->E->C,66
34.27914203213524,C->D->A->B->E->C,66
34.17914203213524,C->D->A->B->E->C,66
34.07914203213524,C->D->A->B->E->C,66
33.979142032135236,C->D->A->B->E->C,66
33.879142032135235,C->D->A->B->E->C,66
33.77914203213523,C->D->A->B->E->C,66
33.67914203213523,C->D->A->B->E->C,66
33.57914203213523,C->D->A->B->E->C,66
33.47914203213523,C->D->A->B->E->C,66
33.37914203213523,C->D->A->B->E->C,66
33.279142032135226,C->D->A->B->E->C,66
33.179142032135225,C->D->A->B->E->C,66
33.07914203213522,C->D->A->B->E->C,66
32.97914203213522,C->D->A->B->E->C,66
32.87914203213522,C->D->A->B->E->C,66
32.77914203213522,C->D->A->B->E->C,66
32.67914203213522,C->D->A->B->E->C,66
32.579142032135216,C->D->A->B->E->C,66
32.479142032135215,C->D->A->B->E->C,66
32.37914203213521,C->D->A->B->E->C,66
32.27914203213521,C->D->A->B->E->C,66
32.17914203213521,C->D->A->B->E->C,66
32.07914203213521,C->D->A->B->E->C,66
31.979142032135208,C->D->A->B->E->C,66
31.879142032135206,C->D->A->B->E->C,66
31.779142032135205,C->D->A->B->E->C,66
31.679142032135204,C->D->A->B->E->C,66
31.579142032135202,C->D->A->B->E->C,66
31.4791420321352,C->D->A->B->E->C,66
31.3791420321352,C->D->A->B->E->C,66
31.279142032135198,C->D->A->B->E->C,66
31.179142032135196,C->D->A->B->E->C,66
31.079142032135195,C->D->A->B->E->C,66
30.979142032135194,C->D->A->B->E->C,66
30.879142032135192,C->D->A->B->E->C,66
30.77914203213519,C->D->A->B->E->C,66
30.67914203213519,C->D->A->B->E->C,66
30.579142032135188,C->D->A->B->E->C,66
30.479142032135186,C->D->A->B->E->C,66
30.379142032135185,C->D->A->B->E->C,66
30.279142032135184,C->D->A->B->E->C,66
30.179142032135182,C->D->A->B->E->C,66
30.07914203213518,C->D->A->B->E->C,66
29.97914203213518,C->D->A->B->E->C,66
29.879142032135178,C->D->A->B->E->C,66
29.779142032135177,C->D->A->B->E->C,66
29.679142032135175,C->D->A->B->E->C,66
29.579142032135174,C->D->A->B->E->C,66
29.479142032135172,C->D->A->B->E->C,66
29.37914203213517,C->D->A->B->E->C,66
29.27914203213517,C->D->A->B->E->C,66
29.179142032135168,C->D->A->B->E->C,66
29.079142032135167,C->D->A->B->E->C,66
28.979142032135165,C->D->A->B->E->C,66
28.879142032135164,C->D->A->B->E->C,66
28.779142032135162,C->D->A->B->E->C,66
28.67914203213516,C->D->A->B->E->C,66
28.57914203213516,C->D->A->B->E->C,66
28.479142032135158,C->D->A->B->E->C,66
28.379142032135157,C->D->A->B->E->C,66
28.279142032135155,C->D->A->B->E->C,66
28.179142032135154,C->D->A->B->E->C,66
28.079142032135152,C->D->A->B->E->C,66
27.97914203213515,C->D->A->B->E->C,66
27.87914203213515,C->D->A->B->E->C,66
27.779142032135148,C->D->A->B->E->C,66
27.679142032135147,C->D->A->B->E->C,66
27.579142032135145,C->D->A->B->E->C,66
27.479142032135144,C->D->A->B->E->C,66
27.379142032135142,C->D->A->B->E->C,66
27.27914203213514,C->D->A->B->E->C,66
27.17914203213514,C->D->A->B->E->C,66
27.079142032135138,C->D->A->B->E->C,66
26.979142032135137,C->D->A->B->E->C,66
26.879142032135135,B->D->A->C->E->B,83
26.779142032135134,B->D->A->C->E->B,83
26.679142032135132,B->D->A->C->E->B,83
26.57914203213513,B->D->A->C->E->B,83
26.47914203213513,B->D->A->C->E->B,83
26.379142032135128,B->D->A->C->E->B,83
26.279142032135127,B->D->A->C->E->B,83
26.179142032135125,B->D->A->C->E->B,83
26.079142032135124,B->D->A->C->E->B,83
25.979142032135123,B->D->A->C->E->B,83
25.87914203213512,B->D->A->C->E->B,83
25.77914203213512,B->D->A->C->E->B,83
25.67914203213512,B->D->A->C->E->B,83
25.579142032135117,B->D->A->C->E->B,83
25.479142032135115,B->D->A->C->E->B,83
25.379142032135114,B->D->A->C->E->B,83
25.279142032135113,B->D->A->C->E->B,83
25.17914203213511,B->D->A->C->E->B,83
25.07914203213511,B->D->A->C->E->B,83
24.97914203213511,B->D->A->C->E->B,83
24.879142032135107,B->D->A->C->E->B,83
24.779142032135105,B->D->A->C->E->B,83
24.679142032135104,B->D->A->C->E->B,83
24.579142032135103,B->D->A->C->E->B,83
24.4791420321351,B->D->A->C->E->B,83
24.3791420321351,B->D->A->C->E->B,83
24.2791420321351,B->D->A->C->E->B,83
24.179142032135097,B->D->A->C->E->B,83
24.079142032135096,B->D->A->C->E->B,83
23.979142032135094,B->D->A->C->E->B,83
23.879142032135093,B->D->A->C->E->B,83
23.77914203213509,B->D->A->C->E->B,83
23.67914203213509,B->D->A->C->E->B,83
23.57914203213509,B->D->A->C->E->B,83
23.479142032135087,B->D->A->C->E->B,83
23.379142032135086,B->D->A->C->E->B,83
23.279142032135084,B->D->A->C->E->B,83
23.179142032135083,B->D->A->C->E->B,83
23.07914203213508,B->D->A->C->E->B,83
22.97914203213508,B->D->A->C->E->B,83
22.87914203213508,B->D->A->C->E->B,83
22.779142032135077,B->D->A->C->E->B,83
22.679142032135076,B->D->A->C->E->B,83
22.579142032135074,B->D->A->C->E->B,83
22.479142032135073,B->D->A->C->E->B,83
22.37914203213507,B->D->A->C->E->B,83
22.27914203213507,B->D->A->C->E->B,83
22.17914203213507,B->D->A->C->E->B,83
22.079142032135067,B->D->A->C->E->B,83
21.979142032135066,B->D->A->C->E->B,83
21.879142032135064,B->D->A->C->E->B,83
21.779142032135063,B->D->A->C->E->B,83
21.67914203213506,B->D->A->C->E->B,83
21.57914203213506,B->D->A->C->E->B,83
21.47914203213506,B->D->A->C->E->B,83
21.379142032135057,B->D->A->C->E->B,83
21.279142032135056,B->D->A->C->E->B,83
21.179142032135054,B->D->A->C->E->B,83
21.079142032135053,B->D->A->C->E->B,83
20.97914203213505,B->D->A->C->E->B,83
20.87914203213505,B->D->A->C->E->B,83
20.77914203213505,B->D->A->C->E->B,83
20.679142032135047,B->D->A->C->E->B,83
20.579142032135046,B->D->A->C->E->B,83
20.479142032135044,B->D->A->C->E->B,83
20.379142032135043,B->D->A->C->E->B,83
20.27914203213504,B->D->A->C->E->B,83
20.17914203213504,B->D->A->C->E->B,83
20.07914203213504,B->D->A->C->E->B,83
19.979142032135037,B->D->A->C->E->B,83
19.879142032135036,B->D->A->C->E->B,83
19.779142032135034,B->D->A->C->E->B,83
19.679142032135033,B->D->A->C->E->B,83
19.57914203213503,B->D->A->C->E->B,83
19.47914203213503,E->D->A->C->B->E,85
19.37914203213503,E->D->A->C->B->E,85
19.279142032135027,E->D->A->C->B->E,85
19.179142032135026,E->D->A->C->B->E,85
19.079142032135024,E->D->A->C->B->E,85
18.979142032135023,E->D->A->C->B->E,85
18.87914203213502,E->D->A->C->B->E,85
18.77914203213502,E->D->A->C->B->E,85
18.67914203213502,E->D->A->C->B->E,85
18.579142032135017,E->D->A->C->B->E,85
18.479142032135016,E->D->A->C->B->E,85
18.379142032135015,E->D->A->C->B->E,85
18.279142032135013,E->D->A->C->B->E,85
18.17914203213501,E->D->A->C->B->E,85
18.07914203213501,E->D->A->C->B->E,85
17.97914203213501,E->D->A->C->B->E,85
17.879142032135007,E->D->A->C->B->E,85
17.779142032135006,E->D->A->C->B->E,85
17.679142032135005,E->D->A->C->B->E,85
17.579142032135003,E->D->A->C->B->E,85
17.479142032135,E->D->A->C->B->E,85
17.379142032135,E->D->A->C->B->E,85
17.279142032135,E->D->A->C->B->E,85
17.179142032134997,E->D->A->C->B->E,85
17.079142032134996,E->D->A->C->B->E,85
16.979142032134995,E->D->A->C->B->E,85
16.879142032134993,E->C->A->D->B->E,83
16.779142032134992,E->C->A->D->B->E,83
16.67914203213499,E->C->A->D->B->E,83
16.57914203213499,E->C->A->D->B->E,83
16.479142032134988,E->C->A->D->B->E,83
16.379142032134986,E->C->A->D->B->E,83
16.279142032134985,E->C->A->D->B->E,83
16.179142032134983,E->C->A->D->B->E,83
16.079142032134982,E->C->A->D->B->E,83
15.979142032134982,E->C->A->D->B->E,83
15.879142032134983,E->C->A->D->B->E,83
15.779142032134983,E->C->A->D->B->E,83
15.679142032134983,E->C->A->D->B->E,83
15.579142032134984,E->C->A->D->B->E,83
15.479142032134984,E->C->A->D->B->E,83
15.379142032134984,E->C->A->D->B->E,83
15.279142032134985,E->C->A->D->B->E,83
15.179142032134985,E->C->A->D->B->E,83
15.079142032134985,E->C->A->D->B->E,83
14.979142032134986,E->C->A->D->B->E,83
14.879142032134986,E->C->A->D->B->E,83
14.779142032134986,E->C->A->D->B->E,83
14.679142032134987,E->C->A->D->B->E,83
14.579142032134987,E->C->A->D->B->E,83
14.479142032134988,E->C->A->D->B->E,83
14.379142032134988,E->C->A->D->B->E,83
14.279142032134988,E->C->A->D->B->E,83
14.179142032134989,E->C->A->D->B->E,83
14.079142032134989,E->C->A->D->B->E,83
13.97914203213499,E->C->A->D->B->E,83
13.87914203213499,E->C->A->D->B->E,83
13.77914203213499,E->C->A->D->B->E,83
13.67914203213499,E->C->A->D->B->E,83
13.57914203213499,E->C->A->D->B->E,83
13.479142032134991,E->C->A->D->B->E,83
13.379142032134991,E->C->A->D->B->E,83
13.279142032134992,E->C->A->D->B->E,83
13.179142032134992,E->C->A->D->B->E,83
13.079142032134992,E->C->A->D->B->E,83
12.979142032134993,E->C->A->D->B->E,83
12.879142032134993,E->C->A->D->B->E,83
12.779142032134994,E->C->A->D->B->E,83
12.679142032134994,E->C->A->D->B->E,83
12.579142032134994,E->C->A->D->B->E,83
12.479142032134995,E->C->A->D->B->E,83
12.379142032134995,E->C->A->D->B->E,83
12.279142032134995,E->C->A->D->B->E,83
12.179142032134996,E->C->A->D->B->E,83
12.079142032134996,E->C->A->D->B->E,83
11.979142032134996,E->C->A->D->B->E,83
11.879142032134997,E->C->A->D->B->E,83
11.779142032134997,E->C->A->D->B->E,83
11.679142032134997,E->C->A->D->B->E,83
11.579142032134998,E->C->A->D->B->E,83
11.479142032134998,E->C->A->D->B->E,83
11.379142032134999,E->C->A->D->B->E,83
11.279142032134999,E->C->A->D->B->E,83
11.179142032135,E->C->A->D->B->E,83
11.079142032135,E->C->A->D->B->E,83
10.979142032135,E->C->A->D->B->E,83
10.879142032135,E->C->A->D->B->E,83
10.779142032135,E->C->A->D->B->E,83
10.679142032135001,E->C->A->D->B->E,83
10.579142032135001,E->C->A->D->B->E,83
10.479142032135002,E->C->A->D->B->E,83
10.379142032135002,E->C->A->D->B->E,83
10.279142032135002,E->C->A->D->B->E,83
10.179142032135003,E->C->A->D->B->E,83
10.079142032135003,E->C->A->D->B->E,83
9.979142032135004,E->C->A->D->B->E,83
9.879142032135004,E->C->A->D->B->E,83
9.779142032135004,E->C->A->D->B->E,83
9.679142032135005,E->C->A->D->B->E,83
9.579142032135005,E->C->A->D->B->E,83
9.479142032135005,E->C->A->D->B->E,83
9.379142032135006,E->C->A->D->B->E,83
9.279142032135006,E->C->A->D->B->E,83
9.179142032135006,E->C->A->D->B->E,83
9.079142032135007,E->C->A->D->B->E,83
8.979142032135007,E->C->A->D->B->E,83
8.879142032135007,E->C->A->D->B->E,83
8.779142032135008,E->C->A->D->B->E,83
8.679142032135008,E->C->A->D->B->E,83
8.579142032135008,E->C->A->D->B->E,83
8.479142032135009,E->C->A->D->B->E,83
8.37914203213501,E->C->A->D->B->E,83
8.27914203213501,E->C->A->D->B->E,83
8.17914203213501,E->C->A->D->B->E,83
8.07914203213501,E->C->A->D->B->E,83
7.979142032135011,E->C->A->D->B->E,83
7.879142032135011,E->C->A->D->B->E,83
7.779142032135011,E->C->A->D->B->E,83
7.679142032135012,E->C->A->D->B->E,83
7.579142032135012,E->C->A->D->B->E,83
7.479142032135012,E->C->A->D->B->E,83
7.379142032135013,E->C->A->D->B->E,83
7.279142032135013,E->C->A->D->B->E,83
7.1791420321350135,E->C->A->D->B->E,83
7.079142032135014,E->C->A->D->B->E,83
6.979142032135014,E->C->A->D->B->E,83
6.8791420321350145,E->C->A->D->B->E,83
6.779142032135015,E->C->A->D->B->E,83
6.679142032135015,E->C->A->D->B->E,83
6.579142032135016,E->C->A->D->B->E,83
6.479142032135016,E->C->A->D->B->E,83
6.379142032135016,E->C->A->D->B->E,83
6.279142032135017,E->C->A->D->B->E,83
6.179142032135017,E->C->A->D->B->E,83
6.079142032135017,E->C->A->D->B->E,83
5.979142032135018,E->C->A->D->B->E,83
5.879142032135018,E->C->A->D->B->E,83
5.779142032135018,E->C->A->D->B->E,83
5.679142032135019,E->C->A->D->B->E,83
5.579142032135019,E->C->A->D->B->E,83
5.4791420321350195,E->C->A->D->B->E,83
5.37914203213502,E->C->A->D->B->E,83
5.27914203213502,E->C->A->D->B->E,83
5.179142032135021,E->C->A->D->B->E,83
5.079142032135021,E->C->A->D->B->E,83
4.979142032135021,E->C->A->D->B->E,83
4.879142032135022,E->C->A->D->B->E,83
4.779142032135022,E->C->A->D->B->E,83
4.679142032135022,E->C->A->D->B->E,83
4.579142032135023,E->C->A->D->B->E,83
4.479142032135023,E->C->A->D->B->E,83
4.379142032135023,E->C->A->D->B->E,83
4.279142032135024,E->C->A->D->B->E,83
4.179142032135024,E->C->A->D->B->E,83
4.0791420321350245,E->C->A->D->B->E,83
3.9791420321350244,E->C->A->D->B->E,83
3.8791420321350243,E->C->A->D->B->E,83
3.779142032135024,E->C->A->D->B->E,83
3.679142032135024,E->C->A->D->B->E,83
3.579142032135024,E->C->A->D->B->E,83
3.479142032135024,E->C->A->D->B->E,83
3.379142032135024,E->C->A->D->B->E,83
3.2791420321350238,E->C->A->D->B->E,83
3.1791420321350237,E->C->A->D->B->E,83
3.0791420321350236,E->C->A->D->B->E,83
2.9791420321350235,E->C->A->D->B->E,83
2.8791420321350234,E->C->A->D->B->E,83
2.7791420321350233,E->C->A->D->B->E,83
2.679142032135023,E->C->A->D->B->E,83
2.579142032135023,E->C->A->D->B->E,83
2.479142032135023,E->C->A->D->B->E,83
2.379142032135023,E->C->A->D->B->E,83
2.279142032135023,E->C->A->D->B->E,83
2.1791420321350228,E->C->A->D->B->E,83
2.0791420321350227,E->C->A->D->B->E,83
1.9791420321350226,E->C->A->D->B->E,83
1.8791420321350225,E->C->A->D->B->E,83
1.7791420321350224,E->C->A->D->B->E,83
1.6791420321350223,E->C->A->D->B->E,83
1.5791420321350222,E->C->A->D->B->E,83
1.4791420321350222,E->C->A->D->B->E,83
1.379142032135022,E->C->A->D->B->E,83
1.279142032135022,E->C->A->D->B->E,83
1.179142032135022,E->C->A->D->B->E,83
1.0791420321350218,E->C->A->D->B->E,83
